original_row,partition,profile_group
0,train,8802935719092455587
1,train,8705125165977337669
2,train,18422986760932943241
3,train,807125537420513796
4,train,13928642704584464005
5,test,5711914576051892501
6,train,9769877254992840853
7,train,6087340190303616311
8,train,16873509014342445541
9,train,2892710901618476143
10,train,13598873729430353407
11,train,18307340539272428243
12,train,7437748018819562843
13,train,11821941483773756858
14,train,8685108224074895965
15,train,17679292247810141526
16,train,15056182184220677137
17,train,1466306872351377588
18,test,14661557858413302774
19,train,10167422906773467251
20,train,8223063787727443029
21,train,1349796638337617926
22,test,4664839731104303032
23,test,15161463661403009830
24,train,16739771044560724915
25,test,12628744629068060434
26,train,13504449456132861121
27,train,1990281167973529607
28,train,5771175689870008902
29,train,7899984230324326451
30,test,2389536202962434048
31,train,16262923635141013206
32,train,9890952822685969003
33,train,10773663101160396374
34,train,11677427930645060254
35,train,9959633068765805353
36,train,1139234561844843262
37,train,10319740015797831965
38,train,5729232891541454618
39,test,8840910557623533503
40,test,5956474559111099773
41,train,8568109171191678912
42,train,18132566637596719606
43,train,4531969193261761293
44,train,10127801998608561802
45,train,12228807234093759684
46,test,11203544311449178333
47,test,2695382279242702528
48,train,1428720257329113271
49,train,5350268291721202785
50,train,7438024933054935868
51,test,184113685119227653
52,test,16039547240341237330
53,train,12593549957769514188
54,train,5226974637644395765
55,train,7958629133012135500
56,test,7050410272997549692
57,train,166463834176558675
58,test,11810661568431000052
59,train,4486040783725416331
60,train,9127482167814989248
61,train,5663581332927152065
62,train,6267060016568804003
63,train,4406679116409929670
64,train,10767267857662908116
65,train,767913211902363827
66,train,10724207336929773803
67,train,1977239337489159901
68,train,12474871084245743281
69,train,8122182185850383996
70,train,4562848162617545517
71,test,5832498455792623965
72,train,8742482278840820189
73,test,7140426073363852031
74,train,6410215485123569741
75,train,13410508276246563735
76,train,15800463880729491767
77,train,122774216384569339
78,train,3032003188945116515
79,train,18120586450643443842
80,train,17008829258487470981
81,train,9522850545531952670
82,test,12388158076821491017
83,train,9445266709785395260
84,train,13045461179307468366
85,test,3182028028922983915
86,train,14327502863597980877
87,train,2926936611154870654
88,test,5888372357972925865
89,train,3153852321098008267
90,train,11647577880620733594
91,test,7097163067965248675
92,train,3962522570984371908
93,train,9611850788634913362
94,test,3656748439025993599
95,test,1378598852899748422
96,test,17415976706024942833
97,train,15307475687212712207
98,test,5742617187722055314
99,test,3753777039227643535
100,train,13162538487917260515
101,train,16859379185208006636
102,test,15527008975022415383
103,train,17041959336940468328
104,train,8536241549003202391
105,test,11040294223406779694
106,train,14379275301128278588
107,train,3685883534537995705
108,train,9937519585667455451
109,test,7205343654808544716
110,train,7376244671092710520
111,train,13435202716486626930
112,train,7718554030340898599
113,train,591420592262566570
114,train,12088806582700037265
115,train,1828355313694563887
116,train,3567872679134390038
117,train,590436569624885235
118,train,14442995377935831648
119,test,12869880363282340294
120,train,14427705123630775359
121,train,6014394571480098118
122,test,17026014879057024970
123,train,9688949095117643709
124,train,8049447933656137934
125,train,2058407895916748629
126,train,1983714009645882830
127,train,18317581927013396507
128,test,12739703746370703849
129,test,5141851491783739420
130,train,4571359719663291874
131,train,9376365839860032089
132,train,4686473432728990031
133,train,5984482976770448877
134,train,6635241120961376253
135,test,3000429599222988808
136,train,3115689734767759401
137,train,2289081704386750617
138,train,15456261584492316953
139,test,12810341690087256095
140,train,10910993201675267913
141,train,373451526574132743
142,train,14551377251166009003
143,train,13499604672631717163
144,test,18326648845846564515
145,train,15092898531269009010
146,test,12447423972180738705
147,test,3963345899095681010
148,train,480787145036858409
149,train,9817096763274689196
150,test,4249391381059396590
151,train,10202579700464790155
152,train,14133194908050875421
153,train,9503920272465479326
154,train,3954905983788058391
155,train,8256592523965313085
156,train,8949409992083904628
157,train,11784634337542612545
158,test,11006908595130913130
159,train,17014402982709374832
160,train,2777776180161990221
161,train,3177024310845895140
162,train,4977045095051676431
163,train,14719754792687416349
164,train,2855051376583050268
165,test,13974402016286217629
166,train,11536717573379300677
167,train,994656849590603038
168,train,1098749974836174517
169,test,7343172852972659262
170,test,8549532716982379785
171,test,4078164880398321096
172,train,15427484350948698478
173,train,9716337340478257563
174,train,13806605495439252621
175,train,6771835397365368254
176,train,13637637479537170826
177,train,1520880613225699996
178,train,9247999921233778029
179,train,4360606987892871968
180,train,14387500736449024247
181,train,9800518503766557249
182,train,1814401373817727740
183,train,17063323034971998821
184,train,13999364209323890482
185,test,2647516895562858892
186,train,14536468587167623685
187,test,2975989324612967180
188,train,11027731912971252395
189,train,14297309009815284129
190,train,3140681184459349995
191,train,8225487555273318046
192,test,5686737133713207148
193,train,16313535185387654956
194,train,8071249984339070454
195,train,6763372218017084627
196,train,1224610814035945086
197,train,16793634161630807933
198,train,16625571590905120331
199,train,9367934723648903386
200,train,6309240981249150527
201,train,12894160500721823540
202,train,7128318446871785898
203,train,17221176792940460011
204,train,17811824482228297002
205,train,13932241968931956398
206,train,12136628921638199881
207,test,14824514489937850418
208,test,1997701225236237025
209,train,10251388021048881490
210,train,12675648037827511687
211,train,18140721842522640565
212,train,13112392279328458832
213,test,8686713515960957830
214,train,17521045335319195845
215,train,11113009665671408056
216,train,18269149507904759794
217,train,13696083311799722294
218,train,7941492259573239295
219,train,4396721074149206898
220,train,5381112537950644482
221,test,1424371505020416130
222,test,9041850974500818228
223,train,17409278799555816623
224,train,16883898861957174712
225,train,62947146931786863
226,test,7749808549028660087
227,train,7426451317429010756
228,train,17355045477900800129
229,train,7235017238517308954
230,train,7473000875526137321
231,train,18365576062384097774
232,train,14723145774740588319
233,train,8899778326597414761
234,test,284953001610574796
235,test,2179655658522936706
236,test,3799206718028474937
237,test,13202771068129101619
238,train,7700120328967765677
239,train,1382319582642913584
240,train,17297763928245155505
241,test,9758050704125828714
242,train,11999923903755681396
243,train,143492594727768397
244,train,3273956350633260440
245,train,13423728936759133355
246,train,14171880734212509277
247,train,6771843740826047864
248,train,6798014005855151069
249,train,8208329469914624053
250,test,13292671821184138778
251,test,744852674087586997
252,train,723647595656636334
253,train,9908722325776864489
254,train,4059741350662372820
255,train,17239125560889707022
256,train,9976025611850295051
257,train,6292807539851726077
258,train,8417871686693231070
259,test,7734941010185876517
260,train,12416552228407343307
261,test,9663342430267942767
262,train,15826716130749400022
263,train,5386756750210830875
264,train,10225511524956966955
265,train,18279075979750066603
266,train,12147361699333751337
267,train,11425111056288039611
268,train,13845670438195610993
269,train,9002324520187171217
270,train,17576915468179878325
271,train,8181560853937503629
272,train,8454221451567680644
273,train,1758105140661755939
274,train,9469319512623268556
275,train,10195551881243469735
276,train,4808005662796662198
277,test,14662622697399130124
278,train,9458136358683521801
279,train,5390499732828595611
280,train,1433700041273469980
281,train,3587012986190909680
282,train,5381971341346854338
283,train,798168120445691298
284,train,8191640341117848407
285,train,7780916379613723918
286,train,6287034284138017470
287,test,4440081656986885438
288,test,662476411798518920
289,train,2607776386163618222
290,train,18145307194016803168
291,train,420650896617394564
292,test,10827109833743204044
293,train,9719392289422978677
294,train,14410115395914823309
295,train,13074239876852711150
296,train,732314692807982083
297,test,14939725411322041481
298,train,2012556770227834988
299,test,7422600687718052658
300,train,7780859381098749241
301,test,15307200903437689439
302,train,12723298226745300357
303,train,12328939657302506813
304,train,5512106121644934352
305,train,11545975868086579201
306,train,7050222327015238801
307,train,13318654579137045265
308,train,12971670737088462399
309,train,16529565146371934369
310,train,17995934240334711447
311,train,7859256757695162547
312,test,7436988271345591923
313,train,2385139033426587419
314,train,6941886740188689882
315,train,11240468746007014841
316,train,1590666480443201922
317,train,7775601483223693609
318,train,2767755049953133276
319,train,10677614484852648014
320,test,14820976973017238355
321,train,15064395852798119637
322,train,11805231435933300126
323,train,11565919863692934852
324,train,16062041534514866778
325,train,8936331961788756354
326,train,8670375584104311459
327,train,11052475994077381102
328,train,17785402794402450750
329,train,9600989409028786110
330,train,2765139675590622896
331,train,1756686399429050687
332,train,5128978340421302980
333,train,17329031348278352787
334,train,13399094969139020785
335,test,4969571445527188182
336,test,11492969568912035453
337,train,17657718001455101190
338,train,12438276517140560175
339,train,69442972280327361
340,train,1625924600794431796
341,train,8994125138392644906
342,train,6430348638191569681
343,train,180190331685614011
344,test,5868884275247958925
345,train,17188185386277734337
346,train,4614456198070674276
347,train,1462793502619775989
348,train,8487523129556463077
349,train,13563209812639573349
350,test,4053857842027542831
351,train,8695313515297862357
352,train,10612301633868964791
353,train,11967198200179870495
354,train,15993736222529949315
355,train,17698244785296161851
356,test,8809755049697537674
357,train,446001283504828157
358,test,3558138183618137502
359,train,9853272828711587521
360,train,16237983788611827868
361,train,12047130702649088838
362,train,14333089030253625099
363,train,4891004664955924541
364,train,17837332458595656374
365,test,12151864938339172791
366,train,13923615815704812021
367,train,2995877308937167373
368,train,5113423328504627792
369,train,17198354626212341849
370,test,11865084206402015625
371,train,12051932464637113353
372,train,15939068956354744047
373,train,3345329321812906105
374,train,11784071859581086055
375,train,1802468136442357427
376,train,11655729593110087227
377,train,14013797057415259107
378,train,16415451996183971906
379,train,15142948074338871025
380,train,9026603993387388178
381,train,5898489171095969649
382,test,11649739270171834252
383,test,11904180845517258678
384,train,6999230132389464323
385,test,7368982353385254629
386,test,13700437884424584358
387,train,8347305337119030536
388,train,10025969381766894702
389,test,11738284725927897639
390,train,697042336616633222
391,train,15040752607493384149
392,train,10560632901719911567
393,train,10113789377565252466
394,test,13300942828873059859
395,test,8793295142280277728
396,test,5116721319786740162
397,test,2496216669492241839
398,train,9966431733999975746
399,train,4402559380885170262
400,train,18252813202792368093
401,train,14515622954205486490
402,train,9739437158135242617
403,train,2629956647450288602
404,train,14458861485478312299
405,train,4105165678321962813
406,train,11066310801137010168
407,test,7757620997697880766
408,train,16123066017210503245
409,train,9733147152760415748
410,train,17827024129000230122
411,train,17147955624635066526
412,train,10544671655334842651
413,train,14728639380672314338
414,train,4050337196902583954
415,train,11840812091720496658
416,train,8935205037688352520
417,train,17994340034519657579
418,train,7754526411333130756
419,train,1411532824553629931
420,test,18074861971748778643
421,train,9941379358254414968
422,train,1671420106935593429
423,train,429229096305166090
424,test,16957097985858588945
425,train,12168284106304357870
426,train,3376479969121809435
427,train,15240866863737966537
428,test,2690804295446180644
429,train,17070495945765768761
430,train,12705343530858150879
431,train,16360888467517435933
432,train,16383339572280389592
433,test,12562691593415999285
434,train,9731802236411035518
435,train,16658395141022770144
436,test,7100609610453769529
437,train,13001282682134514524
438,train,12841077513003150567
439,train,8243047918661884777
440,test,8347806248618523728
441,train,8990324028061011689
442,train,5247705464882761173
443,train,1018355014786351074
444,train,646424621653645489
445,train,7550193468587192666
446,train,14392270458617212657
447,train,4631957172601892516
448,test,1474075469221439222
449,train,10547575444715207691
450,train,3939765377062083213
451,train,8828476296849456422
452,train,14638284004198861020
453,train,14729507162485037738
454,train,8506737946791709691
455,train,3889886063326947050
456,test,8392608378347466025
457,train,7530607865351220339
458,train,12899929002225994798
459,train,3223049994675022879
460,train,2843930864148715764
461,train,6849320809653141598
462,train,3214528781807874371
463,train,6845936116328330206
464,train,5789656408455771762
465,train,14450047032635502289
466,train,5152023455647571798
467,train,15054918659903981605
468,test,7075583527669308286
469,train,15712975871756848281
470,train,10763578451880822148
471,test,8841335968852992026
472,train,15843181069366349641
473,train,3089607159785552851
474,train,16699730478207397533
475,train,6894792497399874844
476,train,10955108154750003589
477,train,4593363963448068942
478,test,12627329562600860700
479,train,17789647112956833289
480,train,29393446599945336
481,test,872212563938603019
482,train,16756867402564739289
483,train,1983396254683950276
484,train,15229156746360959833
485,train,12222449433103439525
486,test,12297289376831107846
487,train,3363474918432353841
488,train,4398020092345698938
489,train,7680161266196084177
490,test,1294576449821853592
491,train,1075556428478881782
492,test,2617310726377323131
493,train,17233576190333459501
494,train,4544142777558764102
495,test,9482049176418477389
496,test,121741810058606851
497,train,6157562336833168067
498,train,1658723128687057566
499,test,7718122833985182735
500,test,3359298122683983135
501,test,79643275621568159
502,train,7085265229864340297
503,train,6042310030508350530
504,test,14843853348195295565
505,train,5746926861176847886
506,train,13286559619780985258
507,train,1611289033165262837
508,train,7351266369663860128
509,train,8887413828072325943
510,train,3031515848971773336
511,test,11310464621837917055
512,train,10284650013845287506
513,train,2737061729378669476
514,test,15487289544922549537
515,train,14709222789454923027
516,train,10499191386412475124
517,train,11301733771222586956
518,train,4490425376847154878
519,train,11729525130037481476
520,train,12614889849388847823
521,test,10049298547327765988
522,train,8502633286821832697
523,train,12967750988984432791
524,train,5173659081672531201
525,train,11734246931760365397
526,train,2004710646450018592
527,train,13563288993874979153
528,train,7114668032465717473
529,train,6577191404528961889
530,train,3180623213678764203
531,train,15283070293968596145
532,train,11090401481585439907
533,train,4573536505026480707
534,test,4656386617967561399
535,train,15402933361457028031
536,train,8293293419239725574
537,train,11628550066754894377
538,train,13732680296296853978
539,train,11987224863706873261
540,train,4147464415376902080
541,train,12306042934882768106
542,test,15381542626410416399
543,test,3227487038753897297
544,test,14053112484334535802
545,train,1565643510572780265
546,test,17150060069975389683
547,train,11846434490521662866
548,train,2278046475071809227
549,train,9996853072885715156
550,train,6731555411749477866
551,train,2324481343077254351
552,train,16327225767513239270
553,train,823752832271397521
554,train,4105344752230004639
555,train,18179346349813326922
556,test,15535582429532531487
557,train,9557948471405212651
558,train,2441013909292918756
559,train,13679476415344047655
560,train,3399559195245490000
561,train,4257885969638208743
562,test,10352710751129431134
563,train,16913472237717457932
564,train,15875330250482660161
565,test,17466205557614345155
566,train,3730064844306082524
567,test,11256894354971583570
568,train,14794407870072114152
569,train,1848283240300363853
570,train,8140244664044238428
571,train,5663432031669785747
572,train,800290469177051841
573,train,10426302381801728432
574,test,11185781035359462413
575,train,5007656858682815674
576,train,4401750279509671456
577,train,10398201807329490725
578,train,13438603410900924576
579,train,16099275035696959328
580,train,9937369512326827107
581,train,4813001283743691528
582,train,11472882502238876959
583,train,1878325691263535180
584,test,10988962077385621673
585,train,14672614964586896807
586,test,5877194889646139338
587,test,9539557186721417816
588,train,7700280104981277911
589,train,2784047525836134723
590,train,7144783086994213153
591,train,263027536765873220
592,train,17342385870719009145
593,test,8106857028206026938
594,train,6003944210942696348
595,test,2947551257709271965
596,train,1435576335534380136
597,train,9367919848843354459
598,train,2853754694622174093
599,train,11602275050182243564
600,train,2425709097099107085
601,train,12085963410509627785
602,train,6752295514592156686
603,test,16982507502578725861
604,test,2981575716214354614
605,test,6671218546863037797
606,train,18369534042862830544
607,train,9092602921740626818
608,train,13745595350035799743
609,test,9151062599454030033
610,test,6084552551911932082
611,train,1918631092963875941
612,train,16774330786128000727
613,train,18438831589136162403
614,train,11544808591779883006
615,train,2599820047788203399
616,train,8635331411966063959
617,train,2915573932578280663
618,train,81450452490443009
619,train,13916382192802690855
620,test,2804239078981908889
621,train,7501210391277282169
622,train,5155311375077496277
623,train,9920030899868464093
624,train,7343502355367247972
625,train,8293053699788040383
626,train,9729922304930179752
627,train,4411778565788676155
628,train,7193992405938856990
629,train,10868182998115663160
630,test,1424530983325240709
631,train,11799457316134583015
632,train,15582310240706611080
633,train,7826376374404509534
634,train,1958288169974654272
635,train,17744113957540759593
636,train,7395267519538723300
637,train,2708044632697648107
638,train,15753930138525012389
639,test,2514962575255694344
640,train,7425482298409178049
641,train,17760251122408771542
642,train,10057566917822741176
643,test,18436945578019647185
644,train,9497561366689216056
645,train,13798574303876151624
646,train,16502099397765081983
647,train,700224501705155312
648,train,10037499718641501719
649,train,11054452822769701092
650,train,1433410213302985605
651,train,2345577797601233343
652,train,16541236394254619314
653,test,5584514279642560944
654,train,1588013569721677551
655,train,15868524395614590646
656,train,18090957894160404604
657,test,17305155866983760164
658,train,9487126793590764133
659,train,1886304397760602592
660,train,6923314964550866096
661,train,4498884331311284272
662,train,1221526887206009906
663,train,573163391034783353
664,train,14476271121384108726
665,train,17236776918897455893
666,train,12310692637045048865
667,test,7332983178493293710
668,train,7427056839193880683
669,train,5611889865769371432
670,test,17827897877259364311
671,train,7649328302114847848
672,train,9747641608029574889
673,train,16237012004456964811
674,test,1629448506847552334
675,train,11057255103470970380
676,train,2955025711907283803
677,train,14134324280732280472
678,train,3436871509490549890
679,test,417809014762246842
680,train,16618695949483505271
681,test,14484002097374421982
682,train,18293628276612252430
683,train,3259580077508897166
684,train,15263403987446344976
685,train,5059827831453279742
686,train,16816258256173276488
687,test,15461023062802862268
688,train,11428416034106846292
689,test,1562992279997520412
690,train,13706014597995731333
691,train,15961670163819002998
692,train,12252037307387652965
693,train,12273110927671427718
694,train,12090298606589925163
695,test,7410294028831652257
696,train,15677608970977159244
697,train,13429147971509129650
698,train,14893288029307721105
699,train,2161894697709456397
700,train,7922365610096147579
701,train,2959027090016053255
702,train,5780942754537761238
703,train,17348451258996813019
704,test,2126464633697961291
705,train,3095919979754045387
706,train,10753724235224758497
707,train,5363096668272059398
708,train,10181555270827245581
709,train,15091300135457704486
710,test,1451859139603840878
711,train,6668468077764206769
712,train,1290154850512705980
713,train,17436263084956766243
714,train,5753871327826349732
715,train,14070727787390152319
716,test,3090988981033503382
717,train,14304986934095027972
718,test,4935195073333395577
719,train,12379382019792569643
720,test,6920591260938400756
721,train,8135572773608910726
722,train,17965752372093751964
723,train,4714765282738818805
724,train,13979413454682957844
725,train,8700098040796176731
726,train,11660894569155145389
727,train,240612764807609144
728,train,6659998701658725209
729,train,3791443490312254222
730,test,16367351610835932488
731,train,7991421064759314125
732,train,1414592052987955144
733,train,790776136437195092
734,train,9898931084939860139
735,train,16879190832793052304
736,train,567881993511501687
737,train,5504611924225753392
738,train,3894931552797071489
739,train,16871581764124162771
740,train,7964988170169749790
741,train,3367580669518777260
742,train,2569950906499070627
743,train,3137812228369823121
744,train,10067870735744963959
745,test,15521678107566884727
746,train,1214910218541794738
747,train,4330125725355196059
748,test,7935707009258825259
749,train,3129091563866695083
750,train,8961924875447448261
751,train,17536597760476523110
752,train,12748224682132201873
753,test,11784988754123983522
754,train,3951441703652156574
755,train,9616620402982161841
756,train,7203029241718458860
757,test,7137449661146774899
758,train,1879644842486087428
759,train,11949241675217401851
760,train,17074495781945640566
761,train,8525503690151992632
762,train,9239777834734859141
763,train,6861576449420868231
764,train,6613963502092667848
765,test,5585523795063662134
766,train,5949682177877530892
767,test,15479465369708748021
768,train,1613670214604257060
769,train,15295333843926514699
770,train,7828511889755321885
771,train,4357586545500796904
772,train,2541549776880234153
773,train,13532552236008413278
774,test,8140905108662884600
775,train,12924288727312581645
776,train,2165302406430391672
777,train,5316840659675070148
778,test,8311801114350063339
779,train,8733742911745376544
780,train,8430113568494423559
781,train,17717104967519515760
782,train,6631760633755369345
783,train,830064037340766675
784,train,9464484327526220558
785,train,10770218339643155484
786,train,15001700886710216547
787,train,4394498033991786666
788,train,2547378827066849620
789,train,9301028320273415784
790,train,12214563772279350721
791,train,11648328081625130388
792,train,3191030066185196420
793,train,17485989093631108868
794,train,5264260148833637270
795,train,14143151205054502708
796,train,9556063357706511246
797,train,182056897950716678
798,train,9760765639277801138
799,train,15682931977808832186
800,train,11626240443904003723
801,train,530175208291635724
802,test,14976733584433096915
803,test,11137648358650156960
804,train,7990972596596130569
805,train,13205148943913731811
806,test,1088821656134024278
807,train,16751098320096003268
808,train,3791818443430806227
809,train,10021366341152394663
810,test,10523978117177860197
811,train,17739592347342758805
812,train,2458671568762037368
813,train,8009036626232691529
814,train,5740900005106682489
815,train,16997069600541139193
816,train,16206662592054027487
817,train,14131041464298212649
818,train,8070931347074231
819,train,8293041817052738395
820,train,4739310706251163731
821,train,13386809811719652187
822,train,7114970170728021402
823,train,4551531262221880961
824,train,4829564304836500009
825,train,6859514449004301980
826,train,5153278152972429614
827,train,18273710367975520211
828,train,15348056528335506773
829,test,10217731483210822814
830,train,12930010683785119425
831,train,5149594230466080767
832,train,4818268940971425339
833,test,13590468886233919090
834,train,7822920507587008623
835,train,976600562731308735
836,train,14068887024620015167
837,train,2871360247949313037
838,train,8135682862331318159
839,train,6398589039719686693
840,train,13704514287358189845
841,train,2756118170868152673
842,train,10751823056679543977
843,train,3920397647283428552
844,train,3174245715559106567
845,train,13565383895807586592
846,test,9112210547575969219
847,train,1051177701333612418
848,train,1373146217253405632
849,test,10406667348988904525
850,test,3971539588663146255
851,train,7723518906277302800
852,train,3457886379802421909
853,train,11151205246071216454
854,train,1688694276912410033
855,test,12386402278546163890
856,train,12542564647514801822
857,train,5460381874864922289
858,test,18182218526853850492
859,train,8132355367443792058
860,test,1323570885757201582
861,test,17724611327579992435
862,train,18077572833402000354
863,train,5587350651743718770
864,test,8176429862431513586
865,train,18429355734453102848
866,train,18148014522726698955
867,test,16916759658989656444
868,train,7929238758981912739
869,test,8794039805612420579
870,train,3768966937895874872
871,train,6222206873837231573
872,train,12893626291479297466
873,train,15562266331805256337
874,train,12604242995248085342
875,train,15945088444529089787
876,train,13190451204826788569
877,train,1200845109108272932
878,train,13567813156268580618
879,train,722617523814162793
880,train,15920684518690246965
881,train,7119909607138580371
882,train,18360354537925786826
883,train,17173682067799159311
884,train,7707711703647658168
885,train,7969966469719334870
886,test,10543835514070985691
887,train,13062057430383744794
888,test,9288203264096468173
889,train,6033651247836513483
890,train,5756008453883721874
891,train,2424856286535671371
892,test,11429835283980159867
893,train,13959965770366278460
894,train,9842720673598226691
895,test,7589480101733474316
896,train,2277913516861278911
897,test,12995534869082850446
898,test,17625421990286971716
899,train,10404221911780928945
900,train,1071441616634921987
901,train,1558425768343874484
902,train,2109856215539924369
903,train,9073205478800080047
904,train,11904259473308997759
905,train,16735418386163920498
906,train,16330526007744719907
907,train,15842396497524623027
908,test,4825242503782613043
909,train,8557338637271172961
910,train,9189285427809933123
911,train,10346373922473285769
912,train,13894961573092332181
913,test,2919740233824502805
914,train,14729512211620099117
915,train,6504729338465723172
916,train,15550216494574836587
917,train,9689293702720574044
918,train,50743661126499267
919,train,7468062380320313486
920,test,8459365935509938432
921,train,7686461772571540173
922,train,11142158539428226815
923,train,3423759657541062672
924,test,17378475946284335732
925,train,17400103817937653358
926,train,2155464635968648227
927,test,17534412844223089734
928,test,14235886048935357853
929,test,4250403166169649307
930,test,10885687812840905402
931,train,16451112964655933287
932,test,15823015490081604572
933,test,3650615698526267274
934,test,7716358570719497595
935,train,46638243929750538
936,train,13066962697137114694
937,train,17788106820090662361
938,train,14384249769094193458
939,train,4013568871801802761
940,train,16873541533010428050
941,test,9395501641042339855
942,train,7438524299311215733
943,train,16887123564383663336
944,test,4131722181959907902
945,test,14677648058668203397
946,test,7168302037707219311
947,train,2735640662322246829
948,test,1847498148015765881
949,train,5050927875390404912
950,train,10270513895336892957
951,train,9644085788855991821
952,test,3685301591091514253
953,train,15788180840833839907
954,train,5631018724522927112
955,train,13914088470167276911
956,train,8069151662485188224
957,test,2509508892674834208
958,train,2132739350139492955
959,train,15130866814692280966
960,train,15247609703018249301
961,test,2588780141992677254
962,test,16143899402097191377
963,train,14134161350055793432
964,train,13239944899282969686
965,train,11579185356405951067
966,train,5653282095287359325
967,test,9922025400680142406
968,train,14173480918743979654
969,train,439167910024923456
970,train,12921261541068660940
971,train,5177175018532119029
972,train,15421052801917825368
973,train,12786854372895994280
974,test,7360273134877182248
975,train,17559237101821161130
976,test,16690901950916738936
977,train,182361004765203250
978,train,14975296936539613074
979,train,16303875226713433990
980,test,11065625235686430590
981,test,14994538215846266455
982,train,18243410180911764704
983,train,16685305005612931583
984,train,18367633397053236700
985,train,13193594375173308341
986,test,3472365019387904279
987,train,7746033551238010066
988,test,13153764590097993488
989,train,10122224697803512295
990,train,809564763568721287
991,train,7008186204082076833
992,train,5988883918893668981
993,train,15439654055440068656
994,train,1003732791856275425
995,test,3750872090157519281
996,train,12138207594469820721
997,train,16502865092145586739
998,train,7326337532219669441
999,train,14560021372107717995
1000,train,16074960096991129427
1001,train,17427742445082101903
1002,test,4838550123179448439
1003,train,5660831688798550686
1004,train,1143756300196227481
1005,train,4961650126160592602
1006,test,18009930895296106541
1007,train,17744642470154864584
1008,train,2086650012498588394
1009,train,8471058810467775663
1010,train,12866482299372452913
1011,train,9190072481141921274
1012,test,3757374568782495550
1013,train,8540615801152046720
1014,train,16565129503352949929
1015,train,7601146540066395900
1016,train,3332573247976764819
1017,train,11075166231417049189
1018,train,7179011087265130672
1019,train,14250341793515060881
1020,test,6940791256630182758
1021,train,7076850779419426976
1022,train,13157085645419209185
1023,train,2720511523986810144
1024,train,15086502813734554328
1025,train,8585162660338191167
1026,train,16093479478369234728
1027,train,11092577467071056351
1028,test,7637660826544249204
1029,train,6488707810001016021
1030,train,10709721554122338383
1031,train,2802043304023542402
1032,train,15712668775911045680
1033,train,13176329361876035839
1034,train,6761894247818438480
1035,train,9037654979370512658
1036,test,547535570501929678
1037,test,3897273446912080367
1038,test,491753598712291058
1039,test,14688727609151332258
1040,train,8665530874479667234
1041,train,8078247797491225156
1042,train,798409400299090591
1043,train,16622163956313822032
1044,train,14420806859901257727
1045,train,10541731048406857543
1046,train,10226598496747490836
1047,train,10481248520966288681
1048,train,11262521497072270618
1049,train,7497220364813924865
1050,train,1150352857153491750
1051,train,8651675292171655567
1052,train,8608907816795523137
1053,train,17892915003486661900
1054,train,12897747223062354818
1055,test,7917765586909410545
1056,test,4515710606122119232
1057,train,9462915803210495390
1058,train,2840949936947150882
1059,train,7533855797395431199
1060,train,14732861603976608790
1061,train,8269028427494484998
1062,train,16936914792615170694
1063,test,9638048842386090484
1064,train,4596448668938493535
1065,train,5913019997430803520
1066,train,473215765848873903
1067,test,12508734467984152599
1068,train,5174092144710135060
1069,train,5184038719300238521
1070,train,17263368782020613326
1071,train,8300344164949408557
1072,train,17847161984982006658
1073,train,2245190114713989839
1074,train,6399609058126104581
1075,train,8714265923107516152
1076,train,13345322236105913486
1077,train,17187699189445154805
1078,train,14575014495567242830
1079,train,17988888158978495464
1080,train,9940743022296762388
1081,train,4258494189151392525
1082,train,13438238366298779056
1083,train,4256922653920507232
1084,train,8395077750335401696
1085,train,15076994334231103082
1086,train,6759479475973527568
1087,train,2274796290343992530
1088,train,17720685483632256362
1089,train,11090319116330073414
1090,train,7430078080488650974
1091,test,6312520515216667447
1092,train,12218946292221873240
1093,train,12064299944928706407
1094,test,11877077968641027284
1095,train,10941349601568375477
1096,train,7587809355465999151
1097,test,1076627862727207802
1098,train,12992026301142752664
1099,train,10465852138923137439
1100,test,4513746344841417431
1101,train,9264850111614266617
1102,train,2629805067994595509
1103,test,16559002228830465880
1104,train,6823361372098451417
1105,test,4308035402793831849
1106,train,2522664612429378601
1107,train,9211564851063315475
1108,train,14082728600599610681
1109,train,15475222094205637323
1110,train,9107107634447780603
1111,train,20246979818365367
1112,train,18165113818530430815
1113,train,16948611248353799494
1114,train,13924920399155895345
1115,test,18346881230719709242
1116,train,17184053128306380589
1117,test,15294990672312020392
1118,train,14642585398397827498
1119,train,10114031308910758279
1120,test,13845839048832537097
1121,train,3374425562589057786
1122,train,16432253975641893598
1123,train,4197428430614087312
1124,train,842558033888687984
1125,train,13070293665027067005
1126,test,14156345174942466892
1127,train,9777500896633977916
1128,train,8683969388190303676
1129,train,18187921911322959638
1130,train,12514318262705950700
1131,train,2339550105592093550
1132,train,17650495208625724698
1133,train,8663750776394333826
1134,train,13732508739017226922
1135,train,1717596398607724635
1136,train,14148432421671621380
1137,test,16240738523983226395
1138,train,120383608475938284
1139,train,15293555769497750889
1140,test,12697240797063914631
1141,train,16665680194203642706
1142,train,11807478103604074752
1143,train,931793783922984759
1144,train,3694879158843591278
1145,test,15879891375458426720
1146,train,13849717466466049852
1147,train,11873961389517984285
1148,train,13477448367796197320
1149,train,2827629983435137528
1150,test,6895049389036226168
1151,train,4719672745985991626
1152,train,5219846969531547181
1153,train,9963199824358372974
1154,test,2475798549059592173
1155,train,6222772416861149621
1156,train,11795907118026377594
1157,train,12882377155373353599
1158,train,2241187998518724624
1159,test,8568022396539889167
1160,train,17346266986041065820
1161,train,10088191342059856989
1162,test,4459210457923984631
1163,train,3401172970790418258
1164,test,10571897833305828496
1165,train,9350170374159371879
1166,test,14347458930096366289
1167,train,7633677562569393262
1168,train,3184540612702797165
1169,train,2206197554359660758
1170,train,3909187182205896614
1171,train,10019666557657684409
1172,train,10962010277640737238
1173,train,15648062971799252244
1174,train,4808189141734498672
1175,train,11036715545881690157
1176,train,9238090154134767780
1177,train,14206964009206700564
1178,test,5250954786684163476
1179,train,3340385878097335994
1180,train,9054350637266784324
1181,test,13837275331754305378
1182,test,15553302456648280266
1183,train,13286095235271832350
1184,train,17175689268745040342
1185,train,1011158186870763023
1186,train,10347497964061980364
1187,train,6204178937999559403
1188,train,13964599492614960760
1189,train,15234877003136489733
1190,train,7459738634407744571
1191,train,1795011186111963526
1192,train,7232511804787510212
1193,train,12408431359355818667
1194,test,6760043621534201250
1195,train,1239666442083175864
1196,train,3196116651564114628
1197,train,7158133241390629025
1198,train,15822546919603637400
1199,train,9360051305528298792
1200,train,16169365099620662952
1201,train,6266067485146948950
1202,train,6975607362959880248
1203,test,4415281288686938318
1204,train,935266378229268518
1205,train,14080758748013756002
1206,test,14735154973951622899
1207,train,4870707280616845104
1208,test,9846109984093797671
1209,test,2212951826697628172
1210,train,6517243462391737385
1211,test,1714514234287917191
1212,test,9271855376291970586
1213,train,1299107627479749576
1214,train,17017717589355886359
1215,train,9610689505625184078
1216,train,3015085266083679488
1217,train,18270768832057614905
1218,train,13624164398557390996
1219,test,2351672496372803731
1220,train,1402041978062997677
1221,train,7742105684354426288
1222,train,10407749107868637697
1223,train,5387358894382133142
1224,train,744811276579148768
1225,train,9130209179055213425
1226,train,1694606524947173216
1227,train,9846175443780335160
1228,train,7136020234732225295
1229,train,16871017148496271976
1230,test,5080090743932976983
1231,train,1698719226717026844
1232,train,178863502667440781
1233,train,14605855221094857399
1234,train,2881979667825246626
1235,test,7795492944454087408
1236,test,602810414000567719
1237,train,14181512274202992037
1238,train,1150926907417872867
1239,train,5896059353946520138
1240,train,6215688452887385703
1241,train,3599922581814070152
1242,train,14529810038409549598
1243,test,4991414852183449707
1244,train,1966011719903932922
1245,train,12890528050064202093
1246,train,12184054628734532699
1247,train,14990645260148733602
1248,train,17727729623896011227
1249,train,17431343662367155099
1250,train,12824268509471110972
1251,train,10023021113827087331
1252,train,8118472392766468148
1253,train,5162746237105369671
1254,train,16751061224613451510
1255,train,12069767980476971660
1256,train,6105933214304443665
1257,train,5489218500936781843
1258,train,6272478054563168636
1259,train,4069199840182363222
1260,test,14086814233043382008
1261,train,5015670385194952521
1262,train,9329085190520224548
1263,train,16060643222851924467
1264,train,8469419425645419941
1265,train,14955493688117481552
1266,train,7549890522012187849
1267,train,12276525131259900030
1268,train,5936499030322281184
1269,train,10428106183827691009
1270,train,13496108801218031712
1271,test,279431374117926896
1272,train,16694729191994709951
1273,test,17348452306925442920
1274,train,11588410945439476359
1275,train,17581410036723191444
1276,train,16905805942918058141
1277,test,17489343043035884559
1278,train,5278627985073365434
1279,test,8565440692029968968
1280,train,13190070408881525727
1281,test,17899848103133933241
1282,test,15561280210867442451
1283,train,4696831316751493759
1284,train,9866160336626623250
1285,test,2929713241369654731
1286,train,8116795818557471675
1287,test,14793947338507199547
1288,train,16619941477670183493
1289,train,5679253578280841946
1290,train,6101560314428349113
1291,train,5805088600649277218
1292,train,17802197135604535218
1293,test,12535717176448582701
1294,train,6177708511433783416
1295,train,4661324484829082275
1296,train,12334269652726276172
1297,train,12430224530469665679
1298,test,17446911481777983722
1299,train,12277837426892239764
1300,train,3050704105503376385
1301,train,3749283724659653379
1302,train,17899903333897162820
1303,train,6198961354660514775
1304,train,2420792118318618049
1305,train,15441207463413593
1306,train,1960681291378604624
1307,train,4920853973299347461
1308,test,7430245667062271925
1309,train,11150315270533330485
1310,test,6474364178574692291
1311,test,3267240836920376292
1312,test,16054522041405040599
1313,train,4455579566356959712
1314,train,7472862159112488620
1315,train,15482351853318947023
1316,train,9979811329578297034
1317,train,1985030216154644173
1318,train,5526884006936953718
1319,train,13209162926062968269
1320,test,5007292363626904948
1321,train,6377910927299591594
1322,train,8294698208976473279
1323,train,15455224653036944561
1324,train,6382458994067670106
1325,train,15200868138497021819
1326,train,9826499675964456177
1327,train,14632881622594621072
1328,test,2153749989947302493
1329,train,16775758201283106182
1330,train,11586641666202609652
1331,train,14614939045443734913
1332,train,13305078117819265488
1333,train,1210402824691037475
1334,train,5960996509965037457
1335,train,96553479388387112
1336,test,6482643862805262865
1337,train,16378057653139142985
1338,train,691812014825939514
1339,test,2637860493624552857
1340,train,16112946583339150146
1341,train,6111515502724833893
1342,train,14954322971099644492
1343,train,5865194303314944354
1344,train,11837130766786301663
1345,train,9412076662643714881
1346,train,11850205810078018482
1347,train,2034147010448194934
1348,train,9815568859969603588
1349,train,11346464043931341384
1350,train,6717622615309537053
1351,test,9940538461250496700
1352,train,17203386142030376364
1353,train,16603411446176054316
1354,test,12197964349354340682
1355,train,18235511419869342741
1356,train,2039082789719875958
1357,train,16420767179116515949
1358,train,6000550548677729165
1359,train,13279187530307348322
1360,train,5621611542429117791
1361,train,13875481472866402804
1362,train,17229840745276561907
1363,train,10437241813688166904
1364,train,4741754564372737221
1365,test,3107401828372394171
1366,train,5839796551967548774
1367,train,15060167761532213364
1368,test,5535828300717567787
1369,train,7750097836976327173
1370,train,17954231515067108991
1371,train,9027502276228874643
1372,test,16307443359853759718
1373,test,9899656681182959103
1374,train,17330071144184328783
1375,train,9391529004252112335
1376,test,9347438751251362193
1377,train,3301630901956031422
1378,train,12534242477826129413
1379,train,4794686667861058070
1380,train,12454114731429546262
1381,train,3124144855433270025
1382,train,8323490492250096892
1383,train,14385888354315034167
1384,train,13047967001918638840
1385,test,3828042202282446603
1386,train,14768858960417647118
1387,train,17593104184080234568
1388,train,3433178814820858125
1389,train,9314501952825084111
1390,train,3550603182406965784
1391,test,13792032115760518464
1392,train,15274849966325536010
1393,train,5145025984442939
1394,train,13182937230325146870
1395,train,1107395622686042677
1396,train,7925039654476644519
1397,train,16803346846695885074
1398,train,6964926639473969515
1399,train,2999281803908846616
1400,train,9379448163708301698
1401,train,15593969414185049955
1402,train,11500817144459158274
1403,train,16562529563767484498
1404,train,12894637206577174545
1405,test,15067693071414274202
1406,train,16932527929416748969
1407,train,9680147617884544806
1408,train,13990013627043565551
1409,test,15728322000935811713
1410,train,17641364558728738596
1411,train,9038810054770282682
1412,train,3171532626629077233
1413,train,14975506736374605092
1414,train,8003942018545015998
1415,train,16958666658969173382
1416,train,8071260179110908155
1417,test,10157405419021682218
1418,train,1263142629496678138
1419,train,12571267291674622074
1420,test,3193567119957850524
1421,train,12938031076102117578
1422,test,15587960907747562516
1423,train,14860322052641275736
1424,train,17107937079016925152
1425,test,2482353084975654088
1426,train,5274198185899472729
1427,train,3161958376212803746
1428,train,14804521594328778153
1429,train,5164280336920681890
1430,train,12016614430800163055
1431,train,10910233565049923973
1432,train,6294792684263254392
1433,train,16474268963194556110
1434,train,3399456680080490965
1435,test,16588625145026144504
1436,train,913118852633215518
1437,test,3238669153332202859
1438,test,10562655680227192578
1439,test,7954347920594772721
1440,test,15404448959828497175
1441,train,12984057896125805750
1442,test,9082401829786073299
1443,test,15464390744382793536
1444,train,14814010361882116774
1445,train,11318882077371009827
1446,train,17222143206834302502
1447,train,16200694023137939062
1448,train,5641655704936294465
1449,train,12426565631093919374
1450,test,13534423518006540813
1451,train,15578884010629862834
1452,train,17541427407047647975
1453,train,15854000454125208949
1454,train,2891780170243472312
1455,train,9955803285736843790
1456,train,6032243052536781925
1457,test,4508420893683352310
1458,train,1716620987019681424
1459,train,3169990321045167592
1460,train,7009519868993039565
1461,test,14699682907994862956
1462,train,4869684743890465500
1463,train,8216645625695317340
1464,train,16660461617627490534
1465,train,4078249863230410636
1466,train,291482329145339838
1467,train,14762451177232420394
1468,train,7370608668175605514
1469,test,12644695167152157714
1470,train,11678947336300180131
1471,train,8899267446225010660
1472,test,6441155648908330483
1473,train,1735636381735280724
1474,train,8511639426961631993
1475,test,8403480460377580719
1476,train,7599022941427311538
1477,train,18084311601645449600
1478,test,727864285312508447
1479,train,9676074421850434298
1480,test,12889241087872372684
1481,test,17759528132671787520
1482,train,9150097401097919745
1483,train,12074808207521589020
1484,train,16730227784179418796
1485,train,11260436193305534764
1486,train,7672685398721354998
1487,train,13403648935705588665
1488,train,11652335439571394298
1489,test,1101671515025577649
1490,train,3042085131000515809
1491,train,2170333538817839950
1492,train,16960208442343900731
1493,train,17365958649885998084
1494,train,3303518363855532379
1495,train,4180494944608375400
1496,train,1877260513072452265
1497,train,9006005284487621643
1498,train,11033290129631158846
1499,train,11645862431520102684
1500,test,13029376261880406363
1501,train,14304385430723763849
1502,train,18367679680175850823
1503,train,9891712894447014771
1504,train,1065835746283737258
1505,train,15216234757358227815
1506,train,2949079870524960247
1507,train,10639413203076827255
1508,train,5538079458958570109
1509,train,17443145935089151090
1510,test,11104035617512585865
1511,train,14523621615179015642
1512,train,1304192616794483482
1513,train,12894774093029444005
1514,train,324844562168866312
1515,train,13881109721402675279
1516,test,3263867393555501352
1517,train,16234186361414771387
1518,train,18430132780365255426
1519,test,17267348122724320632
1520,train,8363749931518867397
1521,train,9964766576882523607
1522,train,4328734712012710152
1523,train,9229134266965399871
1524,train,13856974593341622549
1525,train,9627849308601445305
1526,test,13068576264277529320
1527,train,8054791620603635493
1528,train,15139345835068551253
1529,train,2938573450719198933
1530,train,3999166453095613763
1531,train,8235341169005467333
1532,test,8375449735722738795
1533,train,16925058086456219339
1534,train,16237387034689142495
1535,train,7022335650964252535
1536,train,7078845053193932942
1537,test,4865163127175168557
1538,train,4826574719796324982
1539,train,10285412899574491793
1540,test,17820517808883082216
1541,train,10047801932481837782
1542,train,9454964353658824723
1543,train,17111993158174748549
1544,train,3009664866856688006
1545,test,11679956744380397468
1546,train,15300195835559658334
1547,train,8537705936632946927
1548,train,13119846191590977586
1549,train,16346811515666555033
1550,train,16780022335494269339
1551,train,17488071021695034398
1552,train,3075201367039229343
1553,test,13674340590978439700
1554,test,4494701481098751534
1555,train,9962138354549363127
1556,train,11139659884685127854
1557,test,4472439599813363750
1558,train,18377457010539868389
1559,train,15440247437125541574
1560,train,4784229258078935117
1561,test,17227559455008130794
1562,train,8137549703931027859
1563,train,8069705175398080589
1564,test,17374300646001119816
1565,train,10667557229710237678
1566,test,8723568956102227421
1567,train,17254960847786456493
1568,train,9710159955409166063
1569,test,13380705515323166034
1570,train,4314158460663174859
1571,train,9492681916009466916
1572,train,12362108873147136310
1573,train,3210499898408882719
1574,train,7621110439119980178
1575,train,556161802613088581
1576,train,16986656596722791439
1577,train,7292172171959119834
1578,test,13106538639976166287
1579,train,14227881023377956215
1580,train,6640671126471480836
1581,train,16896097988549373959
1582,train,15206825621260924384
1583,test,4771335420080987027
1584,test,16486996445107018654
1585,train,7135287548875174256
1586,train,3749270864947140397
1587,train,10550622879893729439
1588,train,8613544367840441056
1589,train,15100798429575945721
1590,train,12770141971170096295
1591,train,14952471472720703907
1592,train,14327912589208480042
1593,train,13044805285164812583
1594,train,6798943152609109655
1595,train,7675254541234046999
1596,train,2876423940364047317
1597,train,15504572161200526343
1598,train,13305269202065698813
1599,test,14465971258971436109
1600,train,8306663892652069369
1601,train,1393308856694312305
1602,train,3539215362903509056
1603,train,10617111339639498735
1604,train,3207974651412703640
1605,test,5602243644399351659
1606,train,10264250730485984762
1607,train,7991468112182998280
1608,train,2451746319275953541
1609,train,12019222783187296663
1610,train,14235715925029084600
1611,train,17843387419333258644
1612,test,5864298543265052442
1613,train,9893462174990326727
1614,train,14701965178408162662
1615,train,4186922495535944661
1616,train,12996445036765925187
1617,train,5335892065917722482
1618,train,12354868188844962487
1619,train,8960201306298588236
1620,train,8507572825439359266
1621,train,13213958010992838575
1622,test,17512276654916597154
1623,train,16579440551472176386
1624,test,8678342811509145245
1625,train,16345561596122557914
1626,train,7785930448797051129
1627,train,10295731081226271254
1628,train,12119667871499634827
1629,test,12222142359973689585
1630,train,17638222757178222868
1631,train,1836109880928649866
1632,train,10772164432185668449
1633,train,6898754436401566423
1634,train,12643925983618661737
1635,train,11053906811315133545
1636,train,1002980530770634160
1637,train,7989539016608183045
1638,test,14276964282414423701
1639,train,7468071971561153301
1640,train,16120214839794471175
1641,train,1284535127822780773
1642,test,17994829053884014863
1643,train,1716711318447515475
1644,train,13913794876167981139
1645,train,5096575551138723947
1646,test,9490695882749206650
1647,train,13446239039754314765
1648,train,16312896230802141606
1649,train,9665894709668124741
1650,train,13557573276743699924
1651,train,7697208601848490306
1652,train,10789763949851443207
1653,test,8949420123182383481
1654,train,15993662874173413842
1655,test,15638209511952145624
1656,train,15669683604602627382
1657,test,4582879320521937522
1658,train,13307826844246266751
1659,test,12757829397210038046
1660,train,18402873958626363470
1661,train,13104233775393287886
1662,train,4464254520278286540
1663,train,5022386928234333182
1664,train,17849482775913165124
1665,test,17609007841896978180
1666,test,18366846450502604280
1667,train,6118873745266797728
1668,train,4433105343327191953
1669,train,15052100237404347446
1670,train,252457114889216765
1671,train,4329703387156884370
1672,train,5666102550913255487
1673,test,16716365368007890517
1674,train,1030288479321017872
1675,train,16611873433006546214
1676,train,9161778171593724549
1677,train,15244386150432325377
1678,train,14864458484503113695
1679,train,3463263317243020730
1680,train,10467487802923332551
1681,train,17276784153564372984
1682,train,12806329379302971682
1683,train,2945559765132996763
1684,train,3360899561458220222
1685,train,5454272618587848841
1686,train,15281450136343444555
1687,train,1940961764891435954
1688,train,10805693106840786379
1689,train,4897715259172036343
1690,train,18095063337554122924
1691,test,2460172374008001907
1692,train,1157653709930235156
1693,train,2579446701904394147
1694,train,912344137415165382
1695,test,18042509800803957184
1696,train,1256596779435393773
1697,train,1743243965344939087
1698,train,3308710667566777392
1699,train,15486936941631141656
1700,train,9753582743336257534
1701,train,17973398397450156134
1702,train,5248451868623754655
1703,train,547861185855538610
1704,train,11786127840901498498
1705,train,15608174142173671170
1706,train,10317652620633123696
1707,train,12864690089535976338
1708,train,14730433898986361720
1709,train,4117229705900578148
1710,train,1993207689039708716
1711,train,14476841518665865316
1712,train,1808580879447894525
1713,train,16675312628459350906
1714,test,18045031812126499609
1715,train,15357433067525507450
1716,train,10461038803518920059
1717,train,4392912008506846941
1718,train,5681294266294097864
1719,train,3775064515487319502
1720,test,3401244957100716205
1721,train,15528568628266388163
1722,train,1251482255331302293
1723,test,9865947974401415909
1724,train,13961165651054156164
1725,train,5543204677120071873
1726,train,14123596121374893745
1727,test,9592272428226563633
1728,train,7742641591717899407
1729,train,11593001200006214368
1730,test,17818913422961397443
1731,test,8170133440144038164
1732,train,12822823683516284376
1733,train,11201976943331260979
1734,train,12963644607332099846
1735,train,15047354278908815033
1736,train,9833968963932343850
1737,test,8575147226691131041
1738,train,204624645925082736
1739,train,254151319192011750
1740,train,9183128155114230403
1741,train,1307740732982549893
1742,test,9163554255862659798
1743,train,18174706359599485133
1744,train,14023560605790748443
1745,test,3176258013290886634
1746,train,1471449886616955551
1747,train,12318652323885363888
1748,train,6747753026909144902
1749,train,14424908887383807891
1750,train,4487842821859870322
1751,test,17467425628476582181
1752,test,7237087792575598915
1753,train,16414456025526270066
1754,test,17919658005718975171
1755,test,4645313059553032035
1756,train,6664823994639285212
1757,train,12638863875106758075
1758,train,5583141600061333404
1759,test,2271673073300078607
1760,train,7013823374244192118
1761,train,14291937679679134164
1762,train,12717439877564851417
1763,train,3413879481088748107
1764,test,2221946913033698244
1765,train,8374008649784181647
1766,train,6673517315760786841
1767,train,10267188726410102649
1768,train,3341241265956553256
1769,train,16906443585086592453
1770,train,7412797175280708117
1771,train,15612979022206711189
1772,train,6485570463073755067
1773,train,15005379429587230852
1774,train,15887671848327069583
1775,test,6392050439232807128
1776,train,18416984995635951660
1777,train,16970413352057496463
1778,test,3582049034049252698
1779,train,14082356068876999533
1780,train,5324597163371029462
1781,test,9388021327301534261
1782,train,11121353648313357204
1783,train,10384361598402781810
1784,train,13797529406278074103
1785,train,9625073450019197161
1786,train,15662883018542187842
1787,train,8927034400145611476
1788,test,10296267962242029310
1789,train,12266115882674713286
1790,test,10879823622822931227
1791,train,8683473725771557994
1792,train,15279566113928614330
1793,train,11716295515912460602
1794,test,17782124516316056220
1795,train,11104302420457492298
1796,train,11872541566987628852
1797,train,18424554227763278136
1798,train,17117139069535593392
1799,train,11900497207894667288
1800,train,10035784833741666985
1801,test,15758798210289469122
1802,train,17212436782031867881
1803,train,7702169625762497234
1804,train,4150546587462484495
1805,train,13625048750090094773
1806,train,167701687066055960
1807,train,16537922454896618318
1808,test,12324990999314301765
1809,train,18270484593066190611
1810,train,5343074027844206677
1811,test,6119854878960466457
1812,train,11911185805585677364
1813,train,14115518419811098213
1814,test,6477857036957033205
1815,train,11927407534648438645
1816,train,7651208912088233207
1817,train,9659710364737866949
1818,train,7887590519964970783
1819,train,16015012706866069807
1820,train,8386375422640033811
1821,test,733786569275600523
1822,train,6201777602796851002
1823,train,6304174206340018477
1824,train,2540893051106963318
1825,train,15054539739700520865
1826,train,1949510655327400868
1827,test,4600846420551890566
1828,train,17859498613802928371
1829,test,8198687982191016421
1830,train,13890109461690103254
1831,train,18406652533202310830
1832,train,17304352687999919912
1833,train,5140969996132891661
1834,train,10381991386341500872
1835,train,15041172468602075711
1836,train,2557022884582589437
1837,train,3298458100676502532
1838,test,510394126924456897
1839,train,11218693066256938166
1840,train,7613742296369932436
1841,train,12277782816559489541
1842,train,3361940412675390228
1843,train,8951729387779628832
1844,train,8118827028146730115
1845,test,8241006332803752252
1846,test,4575376358473815603
1847,train,16781792526953609044
1848,train,17938218208298901057
1849,test,10196478176097139023
1850,test,2263911449899134570
1851,test,7249488525922448760
1852,test,1239154532997222175
1853,train,1447522405631134444
1854,train,13051149457180199786
1855,test,1579036239451761039
1856,train,17734434458710147558
1857,train,10611629240324370877
1858,test,6499753319232228627
1859,train,3362109051206248090
1860,test,11641991572335512159
1861,train,1477639102303935348
1862,train,944360045488839242
1863,train,7937434146968506823
1864,test,4944765063280990922
1865,train,11253836269987223618
1866,train,8065665129404574693
1867,train,11830030599970425106
1868,train,1922933360254914953
1869,train,17570356692354139438
1870,test,16130321433581471931
1871,train,3509365773394427465
1872,train,9536718448151480212
1873,test,118077885197504026
1874,train,346733974358494969
1875,train,6607056051429892592
1876,train,14947806038424511766
1877,test,8382023819936906391
1878,train,17778494624022628854
1879,train,12605127481778806197
1880,train,9142353996496997719
1881,train,3145733850619377042
1882,train,9651631762695656011
1883,test,15006991431769401112
1884,train,2837098192413205410
1885,train,9062253472303320175
1886,train,8420662819278891554
1887,test,12179814682062362542
1888,train,16918942222571021837
1889,test,8869739233146563722
1890,train,6239123352329115961
1891,train,15983054820234630818
1892,train,12558697054345878859
1893,train,4403679382721603205
1894,test,6650063862249041232
1895,test,14829679697210856038
1896,train,12239516262914494677
1897,train,3431645785968472533
1898,train,17885447744498281959
1899,train,2985984138989468018
1900,train,2417443416237582139
1901,train,13926540506499425460
1902,train,17855569572637534158
1903,train,13292157212000915695
1904,train,2622930174608492826
1905,train,17733760846803152269
1906,train,2538837882883888031
1907,train,11008663567065887450
1908,train,15910681229307662623
1909,train,17090579815154125935
1910,train,5909425133793703396
1911,train,15267874417666582807
1912,train,12702814541905198704
1913,train,3872630940578062907
1914,train,11711004120592271438
1915,train,6885901240525669976
1916,train,2894063077764897317
1917,test,6162270251083421911
1918,test,7064089054618356104
1919,train,13408529419254120452
1920,train,9935222197988253226
1921,train,7128029288040257495
1922,train,15754796861011416214
1923,test,9022141784632277397
1924,train,11386891226586988659
1925,train,3198896361743214002
1926,train,5324604434691817815
1927,train,8611800768643765548
1928,train,10775290471122834530
1929,train,7271438639420812367
1930,train,3224515729892275170
1931,test,9023937911960707618
1932,test,3527882092065936301
1933,train,14450877593289101226
1934,train,8093094261082091801
1935,train,16817104634554369334
1936,train,7399764737382291899
1937,train,8909229661026682129
1938,test,8326423461780792564
1939,test,15308828505993437146
1940,test,9201176005473081409
1941,train,13817300250113410815
1942,test,1596943974148760293
1943,train,18318884516868202229
1944,test,13147628597377823024
1945,train,92282004234963465
1946,test,10327679652601839865
1947,train,4155920803863474041
1948,train,15093053340693494847
1949,train,16949691825186886313
1950,train,5640690559709667751
1951,test,7189207157836530643
1952,train,605932851345906515
1953,train,5932049149597345675
1954,train,13413530685148277722
1955,test,14220329559103788465
1956,train,9202385251234835594
1957,test,2648839174420229785
1958,train,2043114853616597708
1959,test,8797477026731270878
1960,train,105708072827037347
1961,train,5740044224086217621
1962,test,3828893990807707022
1963,train,7810283113069956098
1964,train,2985133440757006768
1965,train,7368987379669953984
1966,test,5602606773497994241
1967,train,16479498472873033284
1968,train,14725279098366375188
1969,test,10039879287252279700
1970,train,8935474320674514178
1971,train,12726163778362306596
1972,test,9870502135993818986
1973,test,17216069769432083142
1974,train,6999160833856586310
1975,train,12712412980684969886
1976,train,8502210783632888023
1977,train,4265166333912524076
1978,train,12676239213241162523
1979,train,5002796687939174004
1980,test,9826526426005998637
1981,train,6507222128118845743
1982,train,15790284321928333154
1983,train,309562124264455552
1984,train,13301504580209304575
1985,train,1816940147464913692
1986,train,6027387679141051842
1987,test,2537057149818890814
1988,train,9102395828459753459
1989,train,10252850042972449698
1990,train,14713144466546478962
1991,train,2518431345758197234
1992,test,11855430073469618304
1993,test,13449552662013143819
1994,train,15996339019995678492
1995,train,15375792525545880867
1996,train,17730635073681490611
1997,train,15849363383990557624
1998,train,7524386172763221045
1999,test,16646099040345515178
2000,train,8815438718290282353
2001,train,11870680300941924646
2002,train,5467447599468275067
2003,train,13909963022517821217
2004,test,8114717866510686492
2005,test,1143013981203823698
2006,train,4760618371447657201
2007,train,6424901023322083894
2008,test,5536415528519754304
2009,train,2391443540435571200
2010,train,2733193472804534365
2011,test,9539458162537912724
2012,train,6446341569938476420
2013,train,4972908492979490052
2014,train,15927532290674774090
2015,train,16843976466483868409
2016,train,4542113037600714294
2017,test,4197436952688005997
2018,train,10155121824462372433
2019,train,17646921136596201902
2020,train,17548245648992034083
2021,train,10971899986434186380
2022,train,3436276430554384363
2023,train,686963355209964340
2024,train,12580794111966851497
2025,train,2822550106011815375
2026,train,13473872187144749058
2027,train,5993191472960577456
2028,train,14331123459447188287
2029,test,4394083457332899904
2030,test,6787678267377980950
2031,train,5249116525415139046
2032,train,8369706416912092559
2033,train,7302351453416964586
2034,train,11566090099079504250
2035,train,10343013928941318650
2036,train,2789521232707072560
2037,test,15520342751820841866
2038,train,9093732645721309288
2039,train,6022536055405009108
2040,train,1134985192687415236
2041,train,6531335978217936524
2042,test,5028052022076316181
2043,train,2970446907091530082
2044,train,1083258423107637481
2045,train,9450301473746303674
2046,train,13093554882336845355
2047,train,15988294772475796573
2048,test,9359045499555846448
2049,test,10261316271491535078
2050,train,550597764644872045
2051,train,16410704118041515888
2052,train,325955764569761202
2053,test,8654095051995605206
2054,train,1052074323518778983
2055,train,9277546481269863714
2056,train,14961546414176291154
2057,train,5627694355052132050
2058,train,6393817138171703948
2059,train,3821268966090217986
2060,train,12444146674903160932
2061,train,5873866860213001708
2062,train,12338567796513856120
2063,train,13156082722652295488
2064,train,108473759423579985
2065,test,4747082157737347034
2066,train,16603857274939502777
2067,train,18078876676578562798
2068,train,7092520365883879519
2069,train,11788896417550027145
2070,train,15099172410932926492
2071,train,16583329363149502114
2072,train,2686728479505991993
2073,train,5522532072275698972
2074,train,13293128173140526978
2075,train,2593600837069066218
2076,test,327570225660004875
2077,train,2168843071393176950
2078,train,1852635859218425414
2079,train,1307928849055544262
2080,train,4264636645999313540
2081,train,7299743274792264726
2082,train,10524735808507840236
2083,train,18413956634006409256
2084,train,6999356074082494128
2085,train,3263230492439264040
2086,train,5352462981209935465
2087,test,4072770941576916382
2088,train,4935315062203330245
2089,train,6356973905215222894
2090,train,10852832405199500487
2091,train,11204222795782568937
2092,train,6934104873426263388
2093,train,10864267975620950354
2094,train,1704958489245903801
2095,train,13406752012841049410
2096,train,2072195232300453856
2097,train,5886531389841580489
2098,test,7305413742192498720
2099,train,10376629130197779551
2100,test,15726099712659332609
2101,train,1612852061258369508
2102,train,13545748093117269037
2103,train,7159082641426249914
2104,train,1299842197973460532
2105,train,13037293541620592049
2106,train,15179236295627488436
2107,train,6796578931661630536
2108,train,1250040429287538815
2109,train,1053238882416748972
2110,train,18181472109127702555
2111,train,13017229503320338308
2112,train,8025224195343021029
2113,train,16708375757006723455
2114,test,2062881786972224786
2115,train,1738456105286593008
2116,train,9764334284273038415
2117,train,8145025227900044680
2118,train,6198619270071663674
2119,train,10333997582538722095
2120,test,11022149990469953026
2121,train,2756815355950092745
2122,train,12026536715266324319
2123,test,6108614681795225486
2124,train,10597187291635313619
2125,train,11130315503933839360
2126,train,9808121921808223678
2127,train,5428650760171457495
2128,train,621047187408292158
2129,train,5712404152073987906
2130,train,3591419103573866437
2131,train,3062394775139066230
2132,test,7972806247638732125
2133,train,16676462451111772294
2134,train,3922174446452084899
2135,test,12539541927515039777
2136,train,11889677140282262868
2137,train,4314527618412671466
2138,test,8690911832239860625
2139,train,17501534219946097148
2140,test,16060534260456352738
2141,test,156044205570307354
2142,train,17012402652250378211
2143,train,8556104941169838894
2144,test,10843882741675224286
2145,train,5893006507758977374
2146,test,14484395611297656820
2147,train,10218378834306100238
2148,train,17294440646899945692
2149,test,12085417077265971712
2150,train,10682800848846259928
2151,train,9485289084824219920
2152,train,15565682861163205681
2153,train,2883686955305621302
2154,train,17354008822959523989
2155,test,8680202271410658294
2156,train,12205246507567778071
2157,train,18091172244878621009
2158,train,3922349770004667324
2159,train,8434429579890945426
2160,test,4750726245984612737
2161,train,12511813009093395711
2162,train,2896492392524493317
2163,train,17759178736199316068
2164,train,16077413153913977105
2165,train,3372832797541021618
2166,train,12570182464284179648
2167,train,7750301718492668821
2168,train,13745062162279694940
2169,train,1020270241917136007
2170,test,10648340759678722917
2171,train,7156218459850688380
2172,train,4582949483279524069
2173,test,3323071867939888317
2174,train,12940785558751763086
2175,train,12485088611155389261
2176,train,3129831452861326942
2177,train,13461686829065970889
2178,test,16134048900257970800
2179,test,11972685790128636974
2180,test,10474301103291088339
2181,train,8686173422482094997
2182,train,13989466621344881150
2183,train,2462055182955262988
2184,test,5472725090140120270
2185,train,335966762768941235
2186,test,4567164727930588318
2187,test,9335099026448551941
2188,train,15881646460762300883
2189,train,9590841999010704738
2190,test,16253271534080963807
2191,train,3153933769987038612
2192,train,9902706386350900274
2193,train,18437673308810224171
2194,train,8412799611221772210
2195,test,17553803076531795846
2196,test,12539680346417199145
2197,train,7781527256637752410
2198,train,971085874190634113
2199,test,11602317681214672866
2200,train,2063826019911807839
2201,test,11738445486765564677
2202,train,13937575298944472040
2203,test,11793338016958209566
2204,train,11033088038542543765
2205,train,368842395396190103
2206,test,4184532437529038213
2207,train,3007424839308767841
2208,test,1041704414278257176
2209,train,1367077632460281573
2210,train,13845708234177486133
2211,train,12200613857304107701
2212,train,11201851997894997995
2213,train,13348015435044860616
2214,train,1751828748334527383
2215,train,12706973611755538440
2216,train,14643612748840759504
2217,train,12633443082350666235
2218,test,13534802471800224214
2219,test,13814386095224973485
2220,train,9506387548088610046
2221,test,9993976273264111081
2222,train,11559654327512423256
2223,train,2531310623074337742
2224,train,3592851675356628387
2225,train,6941379089796689301
2226,train,6895712899507068126
2227,test,9413071999620969111
2228,train,3583373837929159281
2229,train,14615163374792850137
2230,train,5768552799623456688
2231,train,11929203932133845573
2232,train,6541568553946112469
2233,train,7912249656111158101
2234,train,7296082459672502019
2235,train,13192231092169877316
2236,train,15880346008550004375
2237,train,17447698562761396896
2238,train,14957894872521488220
2239,train,3717120153696513295
2240,train,7215361482402957210
2241,train,14548324656028699933
2242,train,14842858917194972678
2243,train,8850878228609697805
2244,train,17387150595352049684
2245,train,6852639174259460682
2246,train,11115423337156635039
2247,train,4531731949509516289
2248,train,14075361270728207898
2249,train,5721922628002907818
2250,train,9250431379052604052
2251,train,13520360883140858549
2252,train,1388860948076200728
2253,train,12993860385531468911
2254,train,7816368405118943857
2255,train,3057764465931539764
2256,train,8534513186949858981
2257,train,15784953908385093362
2258,train,6855843885718917444
2259,train,14626247003896976781
2260,train,15622637796234845124
2261,train,2405834919564307532
2262,train,14944287314379400427
2263,train,4734962215321060428
2264,train,17902382109596017507
2265,train,331661234974862208
2266,train,6367105665438291721
2267,train,11586132269053029795
2268,test,9147091045995198934
2269,train,8206948561613813604
2270,train,1026042083277086451
2271,test,3467647886762965977
2272,train,7087838046459878015
2273,train,8835002567022352142
2274,train,522690865324131363
2275,train,8468933384937061092
2276,train,2092189244890335218
2277,train,11852461127063672671
2278,train,15693878758676588246
2279,train,1000044421201155169
2280,train,292660512160520911
2281,test,9257749196387475718
2282,train,1517358140028891983
2283,train,1829085742256923543
2284,train,2641155439712123952
2285,train,3380478241756300375
2286,train,14954002511994000552
2287,train,8047076937081702987
2288,train,5842106344495256434
2289,train,12412311945557874408
2290,train,9979464699988649997
2291,train,60252754790905327
2292,train,1912215519498305240
2293,test,8401440441955747842
2294,train,14740203601021235992
2295,train,14278338775775840636
2296,test,13997590120201260505
2297,test,3129947602482030056
2298,train,9784271593473605176
2299,train,6004658533762686904
2300,test,11172671685271399886
2301,train,17029815910721148665
2302,train,15808440261177596930
2303,train,15599168295492304777
2304,train,9041788048527665841
2305,train,1476080863191008782
2306,train,10399991262429693291
2307,train,14791768814904324928
2308,test,2157066593088146303
2309,train,2231873056576834036
2310,train,8864609678873666217
2311,test,2187581274294839599
2312,test,11336705612268774138
2313,train,11394708891326109160
2314,train,4187069029347454079
2315,train,4210023259324346237
2316,test,9061819874313189007
2317,train,2201162126994910518
2318,train,3119548951238321863
2319,train,15054584145214323768
2320,train,14201072968579420406
2321,train,15655886575073597122
2322,test,6383128226076215797
2323,train,1899697945839906059
2324,test,1770580630065027006
2325,train,14758557950680563595
2326,train,3838811796781157143
2327,test,12703299246317009688
2328,train,3737900364164329987
2329,train,5311611029410665092
2330,train,4714745117765255971
2331,test,11721902135979401490
2332,train,3689244939266671808
2333,train,17441552069408957389
2334,train,5438643473744574783
2335,train,10894713812501669040
2336,train,10138663807928649128
2337,test,7875796946810761078
2338,train,5128955654348772318
2339,test,8387915757919622631
2340,train,1678399474265354418
2341,test,15202299903306040930
2342,test,7785521720504581090
2343,test,2991107194310591032
2344,train,11967190309645946642
2345,train,8299610941087578704
2346,train,17351796811492504428
2347,test,1556287870939536028
2348,test,13764106139454365636
2349,test,12266222693138289613
2350,train,587076534350683818
2351,train,2228689566417630273
2352,train,12414082450892341258
2353,train,8130929709157767987
2354,train,5914889696850621453
2355,train,1233027723045698096
2356,train,10111165381216497126
2357,train,10839632454473940157
2358,train,12162762734307990782
2359,train,11345044593760251152
2360,test,9401603960188814177
2361,train,4334244214126956332
2362,train,5139278509603398675
2363,train,16006416156461537141
2364,train,13613271869890087472
2365,train,10124485453614041777
2366,test,11785847332327432742
2367,train,16930818007945146816
2368,test,7610994798974526425
2369,train,3226689610569408576
2370,train,2803084402440914536
2371,train,10331054120165554583
2372,train,17048438692837046504
2373,test,10603310386264358543
2374,train,17285271491575085572
2375,train,10484454598156000845
2376,train,7367889578916788095
2377,train,10289893160832512498
2378,train,383932112610483296
2379,train,11657781534646053327
2380,train,14050877029596821799
2381,train,17851115898400593865
2382,train,6662187648280657775
2383,train,12061094352945097508
2384,train,16473406564423304911
2385,test,830429332447333446
2386,train,4300721439448881445
2387,train,5084465893347051847
2388,train,17769007574698150159
2389,train,5797005542444502718
2390,train,10663404907144613091
2391,test,18406294139982961331
2392,test,9856980281089009203
2393,train,13035818755372192333
2394,train,5790415344088243267
2395,train,8153560130234181013
2396,test,3267318608987216825
2397,train,13561831125232509985
2398,train,16649984530073749721
2399,train,13777074186224394376
2400,train,18320215266604708011
2401,train,13395819867119907628
2402,train,407572413108331643
2403,test,6075197937607683890
2404,train,15396585198825660792
2405,train,13682366886947266501
2406,test,8295146241743557911
2407,test,260568591357398856
2408,train,17186676832432473923
2409,train,1391789214754559681
2410,test,7279115331448234688
2411,train,1478177380937359813
2412,train,6654842686370928142
2413,train,10757488137237912956
2414,train,13043016205477454665
2415,train,10831254398721697128
2416,train,7220473904396306587
2417,train,18055277374822984377
2418,train,15040906609055940456
2419,train,3048673996240783929
2420,train,11921062496692384233
2421,test,17478112625052633290
2422,train,1295978279694226097
2423,train,16778267488063921434
2424,train,16218414820053184565
2425,train,13894356636501935148
2426,train,5435131277256941394
2427,train,2310715169678345055
2428,train,8618565067988898417
2429,train,14827593552459633474
2430,train,14010624564602919294
2431,train,6674541550015048024
2432,test,17154019383156037648
2433,test,1968501618243733013
2434,test,14427556034678908228
2435,test,6322975921887513268
2436,train,2505061403027193652
2437,train,17203908338221702082
2438,train,3456758807262372593
2439,train,11421220788068134270
2440,train,9920929870066570661
2441,train,4649010659714562233
2442,train,13720996766400717158
2443,train,7628591074101322555
2444,train,12341455640195013484
2445,train,15383414716034975147
2446,train,2586981261878644124
2447,test,17428454506407832865
2448,train,2168772130898134135
2449,train,15847154549095957098
2450,train,3982465291447861448
2451,train,5730450032215097895
2452,train,11172960807940705366
2453,train,2751762935689157156
2454,train,8366722858310136128
2455,train,16558864680770365149
2456,train,15764567710374664932
2457,train,12000896532669073396
2458,train,1594279323916382324
2459,test,12725961129557904170
2460,train,10515800659181267437
2461,train,12465732100795299926
2462,train,4024744837125127309
2463,test,2330824525792513301
2464,train,5877640340653800602
2465,train,15363174854003257815
2466,train,2044386019902773324
2467,train,17399407206422198363
2468,train,13458501037734083416
2469,train,11052410230815115165
2470,train,13339463725142727227
2471,train,11511635115767671702
2472,train,2838402555097901364
2473,train,3694680609650761163
2474,train,9217461741244000426
2475,train,2680113566145817552
2476,test,1020004460983677521
2477,train,6950215075567943280
2478,test,16577701777002713495
2479,test,6161152998666102241
2480,test,14690587380294595164
2481,test,10201124796686194050
2482,train,2841799420803989964
2483,train,10348407443616800153
2484,train,15991988139241302860
2485,train,13856667113299840440
2486,train,11958289303635366759
2487,train,13392033393115035044
2488,train,8074878375716636779
2489,train,6161624733606897621
2490,train,5503186914359745719
2491,train,18230460117364098722
2492,train,6231888825630697088
2493,train,758082723020107495
2494,test,14967039233496578177
2495,test,13319199598919591963
2496,train,8083633869268618482
2497,train,1105134744602402171
2498,train,7481465402788638020
2499,train,6490349004998944338
2500,test,12356011698944749823
2501,train,4636773952287257006
2502,train,9364755065454848281
2503,train,13934538219356415887
2504,test,474532991342165466
2505,train,5231744131635444495
2506,train,16427989388759341347
2507,test,9838426600218996932
2508,train,10746312619977471399
2509,test,12744702069084429584
2510,test,6455550296035439103
2511,train,13157289992768160926
2512,train,15535173588092495332
2513,train,7844248127566719993
2514,test,9992460246714810475
2515,train,6013595414041437300
2516,train,1219973215485312762
2517,train,18385802771966887236
2518,test,12891481180283748948
2519,train,1249356654088204577
2520,train,14133480579375021040
2521,train,11823080548773238368
2522,test,11392445920972216032
2523,test,15009104078004278394
2524,train,4089703209948934096
2525,train,9387168526366154002
2526,train,7316214727470391718
2527,train,6713712136449034310
2528,train,12458365782910675150
2529,train,6672948923997013303
2530,test,6766587489107077416
2531,train,4476026483693853911
2532,train,4211374469818246096
2533,train,10598367086820894709
2534,train,9488912372612766099
2535,test,5768127248199847238
2536,train,5446053806604371764
2537,train,11935312444515331
2538,train,14682025420911304493
2539,train,17220567050360126059
2540,train,16930114027281518006
2541,train,11741275335766687307
2542,train,11329219864737215476
2543,train,11647330274760485606
2544,train,4742866094650629551
2545,test,9778946713990829138
2546,train,16758340522191032037
2547,train,5277926852025415231
2548,train,18354090789444603006
2549,train,17273835488670674623
2550,train,1515124948695155251
2551,train,13917807505382976504
2552,test,13719892031511915479
2553,train,11320817733657706496
2554,train,10533845110825010127
2555,train,8156364359310785186
2556,test,815745949363277108
2557,train,9881205236049912649
2558,train,3798385891805655547
2559,test,4174087963718216708
2560,train,2509990055082399540
2561,test,2310050796209222194
2562,train,15724975780078181510
2563,train,2654865190680993507
2564,test,10510857066838213234
2565,train,16250858892006434594
2566,train,10325526251109624994
2567,train,2816255607606479296
2568,train,698817638249399762
2569,train,396093776708410456
2570,train,6460194049117962880
2571,train,14609922199026012124
2572,train,967995942102900260
2573,train,16392989889134294861
2574,train,13515832696109748778
2575,train,1203898128945572585
2576,train,8666421042312271934
2577,train,16163297426346522555
2578,train,8206536261487410905
2579,train,16564628177991707004
2580,train,10392865550028650018
2581,train,13114287488732821129
2582,train,6488342692560868627
2583,train,10940631181811173589
2584,train,619629019155235756
2585,train,14273457332113968733
2586,train,8728257272439186046
2587,train,5724590036997549492
2588,train,13377796132513930809
2589,train,6904710026998474968
2590,train,6404622731196493515
2591,test,13688705968552339177
2592,train,9217686977985993428
2593,train,5455477543736889193
2594,train,3977284061368517309
2595,train,8085633778418276790
2596,train,3393183093717470465
2597,train,2096234014563953810
2598,train,5581906594592755361
2599,test,3226772516868556752
2600,train,5292664180340999846
2601,train,11617593959168167987
2602,train,3091752941181310341
2603,test,11097198534309130966
2604,train,16645811313236707520
2605,train,17060326283071466766
2606,train,10530042236135072770
2607,train,7691156374267862439
2608,train,4932795436707400366
2609,train,18046600292008717598
2610,train,5854124791235779230
2611,train,14526174854406828308
2612,train,4353598810900724046
2613,train,13351818805593056156
2614,test,11495290479296237484
2615,train,14924072758507906112
2616,train,15614036997928033816
2617,train,1510031213960323993
2618,train,6675436116480224214
2619,test,10239383340104933949
2620,train,4768154558765750730
2621,train,9446110211426318679
2622,train,13557905966142505805
2623,train,1947237288893513976
2624,train,13684176485014864637
2625,train,8515893402862452231
2626,train,6990560498766051081
2627,train,7583279014894341937
2628,train,17300683999656333136
2629,train,13298693295242513037
2630,train,13442688541555903869
2631,train,128737727127729917
2632,train,80975872735269183
2633,train,4112281705256722285
2634,train,9821047749897218103
2635,train,5526244082388595891
2636,train,5883433063146654923
2637,train,14598246089454057939
2638,train,6469261374971213394
2639,train,14282160028916802437
2640,train,5289301737418008766
2641,train,12474787315104782997
2642,train,12329354151812116700
2643,train,3724015170261647282
2644,train,14513206887116169655
2645,train,4982209587558428409
2646,train,12199042591014379746
2647,train,423281680325541379
2648,train,2475921148628867777
2649,test,7401943642261776977
2650,train,6807670376698493716
2651,train,13431253031655378589
2652,train,7768380957212589357
2653,train,10280918144021821613
2654,train,15774350290188295587
2655,train,14723053228818933949
2656,train,15436816290100171131
2657,train,16554387147978298927
2658,train,13315550968857193367
2659,train,13220395527833557758
2660,train,15756264034112292277
2661,train,443547620381987262
2662,train,17793432825208219021
2663,test,8751595163681519000
2664,train,17552844289793974218
2665,train,4769217858241993359
2666,train,9248378860974000209
2667,train,4771981889974444186
2668,train,7619391869722241366
2669,test,12265370399175672020
2670,train,2855846779336826872
2671,test,14164240401578744613
2672,train,14258920429790592820
2673,train,2642619162207375428
2674,train,11020375184054980036
2675,train,503652644456416754
2676,train,3633538623930070013
2677,train,407834016795364694
2678,train,10859986822300872021
2679,train,7418317489366847125
2680,train,12039776860367825706
2681,train,15822873377693657743
2682,train,15580582425524655884
2683,train,15293995345847274915
2684,train,9863306542677286432
2685,test,8481240522947841965
2686,train,17058710375728166723
2687,test,12156751742331625174
2688,train,15842604146945823396
2689,train,17541022673521347667
2690,train,15021662027079897802
2691,train,10740067214024829540
2692,train,9533810087187442476
2693,train,14200349931656285041
2694,train,16922696470001269528
2695,train,8452195105150928904
2696,train,10393545983674025352
2697,train,4820746586778737930
2698,train,7554905802928145080
2699,train,2392613926866677714
2700,train,11864000419120389110
2701,train,10007943931918756518
2702,test,9431838952060026846
2703,train,9146987544391383767
2704,train,7418033476389160320
2705,train,6580086141020909183
2706,test,1129000273481163808
2707,train,14298555117375322101
2708,train,9113342042948303523
2709,train,1615894504244760022
2710,train,16697256737102579732
2711,test,7097520412539513427
2712,train,11445510344188350230
2713,train,4378680108082276300
2714,train,1034119986629295993
2715,train,12553571523480091096
2716,train,18271582600876308975
2717,test,10987782482097315525
2718,train,13285980544920115124
2719,test,2540392799331012153
2720,train,7272328370317970734
2721,train,11164312443381363652
2722,train,14148852194174677249
2723,train,5379357701575627076
2724,train,1117405780344290708
2725,train,11795950920307634543
2726,train,8748765694135287804
2727,train,4197358231971432051
2728,train,16234373426669866968
2729,test,6991045646483678797
2730,test,17854922792068758907
2731,train,6125133940788108510
2732,test,2738858995116473436
2733,train,8788255957985839435
2734,train,14522248996458045324
2735,train,7654023738619219894
2736,test,17368361482677642279
2737,test,14333757014872480290
2738,test,3790564770618066641
2739,train,17320133081662717267
2740,train,2333858566138055894
2741,train,13119380682397348143
2742,train,16765419081743622564
2743,test,3784033551765156838
2744,train,9628532283052749423
2745,train,650628233791942758
2746,train,15987238702493541022
2747,train,10883475884418204637
2748,train,3197236093121423486
2749,train,9189015009910668061
2750,train,5950261309006356266
2751,train,12881290422976221779
2752,train,4152999805475057293
2753,train,2199650897081862592
2754,train,10692645681177886342
2755,test,1283644205770050973
2756,test,1145184636153015892
2757,train,4837678069085084170
2758,train,14197437819481947350
2759,train,1632918347018379043
2760,test,4223154857283865186
2761,train,11285259752633697330
2762,train,13721384145111016882
2763,test,13121330875153868920
2764,train,8670127051259519234
2765,train,9840012663352525840
2766,train,11122865452815283520
2767,train,13757720453689716756
2768,train,7146425614748549404
2769,train,10115263498659986789
2770,test,9930859737496070554
2771,train,16305793483677649177
2772,test,17062402659311767174
2773,train,462830363927579539
2774,test,11351846638855377473
2775,test,8279550480993980916
2776,train,542589229649089242
2777,train,4845040490339334545
2778,train,10537867301641373329
2779,train,5481617934612687259
2780,train,14447181490938849962
2781,train,16686469041615686523
2782,train,8277843859718854588
2783,train,14637512119730324746
2784,test,13650659011710576695
2785,train,13630041317073797246
2786,test,8806310281708674217
2787,train,4970422575126784199
2788,train,7592832851820027154
2789,train,4249522631972442183
2790,train,3840672927016472035
2791,train,5598834529679532348
2792,train,3283479026582192063
2793,train,1875308704396487280
2794,train,1661178848949438263
2795,test,12276709049444542014
2796,test,5267894277162232284
2797,train,18184140953253238137
2798,train,9248493305323751019
2799,test,14156929636446596588
2800,test,17484679556493386638
2801,train,4904417029796282696
2802,train,9770551615452475513
2803,train,18348984249164424740
2804,train,5082829029148074107
2805,test,4408879040214918277
2806,test,8919549140549045272
2807,train,18098722860259080977
2808,test,18234121924378797702
2809,train,153122184032546600
2810,train,12032968460481718241
2811,train,12603932698051184808
2812,test,13109018959427671056
2813,train,3485449338311885167
2814,train,3968097156913686336
2815,train,1261925930923231735
2816,train,14530434931235996540
2817,test,10144216039130540709
2818,train,15037567806649936311
2819,train,1415345097773138714
2820,train,3604413716053998872
2821,train,16485193180794768455
2822,train,10832706148629129178
2823,train,10744304864475220464
2824,train,9466503100643330252
2825,train,8327255994218452593
2826,train,4357662558811216904
2827,test,5017075504730828728
2828,train,15072202428562301752
2829,train,6868880467203068846
2830,train,11623884754599971944
2831,train,12003169584522729814
2832,train,1757471828856556150
2833,train,11734373673255308282
2834,test,11116706921926928114
2835,train,13503172942220807507
2836,train,1348498806627600944
2837,train,2595413667026428159
2838,train,11242527860797719724
2839,train,4399771645322966993
2840,test,11647712082201765895
2841,train,17035050138446219554
2842,train,1660790842743019232
2843,train,351856873220807799
2844,train,18434432963489225461
2845,train,2751989527620950319
2846,train,11473846888806221134
2847,train,9052357483963278479
2848,train,8488886411085821664
2849,train,4227603325672955582
2850,train,8743336350545192643
2851,test,165973572723839610
2852,test,5387070304154992525
2853,train,15997950087048682131
2854,train,15346612820835948086
2855,train,2118927061186943251
2856,train,9686891159381198871
2857,train,10829353549758189264
2858,train,8761911644907266507
2859,train,17063007526087943596
2860,train,5732191733189887139
2861,train,12915380338291399930
2862,train,14291935042939333664
2863,train,17221714616437999469
2864,test,3700060285741103935
2865,train,8279630736153867056
2866,train,17708141449992730190
2867,train,13868983744695141360
2868,train,2492948769334141110
2869,train,1022712061019266042
2870,train,6495258952373572194
2871,train,13225282245283907098
2872,train,16021446212158395367
2873,train,15877275388331521781
2874,train,9643787419344085745
2875,train,11145309612633127744
2876,train,8192360427028643837
2877,train,10023757921667555597
2878,train,13859724211151870605
2879,train,16993809508259070811
2880,train,10820330494672155101
2881,train,4096073436159913011
2882,train,18360671910541583523
2883,train,12843520233494944631
2884,train,16624219609969951071
2885,train,17883288978375458438
2886,train,13960612905019177077
2887,test,5327028265997514110
2888,train,7174145453141977169
2889,test,5039206655328913552
2890,train,16533215026291450678
2891,test,15650705211827621059
2892,train,4525529687754807173
2893,train,12954220254941107142
2894,train,3007540328286921140
2895,train,16257124218020325174
2896,train,1311378845690835199
2897,train,13767331903268500282
2898,train,826206323142701169
2899,train,3165701210729992867
2900,train,7157777137660739382
2901,train,2229055586677571095
2902,test,15460241967552908908
2903,train,18169798401678874534
2904,train,5911998776463636455
2905,train,17378200779076706598
2906,train,8905277720150670558
2907,train,5902409027596071957
2908,train,16635357053734782878
2909,test,9192192172315556501
2910,train,5279666207693244930
2911,train,829635813862627827
2912,test,15148185509276744389
2913,train,9677920527683270944
2914,train,7190879396102752230
2915,train,8181194389712140661
2916,test,12511738839208599738
2917,train,4072816533728017320
2918,test,3001282974345100300
2919,train,6974961843216556505
2920,train,6564623750434391856
2921,train,14565340315010108480
2922,train,3985725742201378240
2923,train,955184743270728814
2924,test,1746707998778204432
2925,test,10562358313143015894
2926,train,1128203816717340574
2927,train,2007686691243703778
2928,test,2859017041429854522
2929,train,638357834622547803
2930,train,7544489826039752920
2931,train,10741719129937274367
2932,train,7785834826457032956
2933,train,2234651109193864689
2934,train,11359269072974820215
2935,train,3916571734049103930
2936,train,13772663795499508280
2937,train,15510474356532423367
2938,train,6252068361664428584
2939,train,13109957590195947082
2940,test,695001136853572858
2941,train,5570817816909148367
2942,train,7307425124741220902
2943,train,3038958726357791126
2944,train,17778522299743745558
2945,train,7890431249210830472
2946,train,17459351997929227718
2947,train,5256587784964658128
2948,train,10338122828436098836
2949,train,4070188993113969668
2950,train,3881304705095080956
2951,test,5802505776131557557
2952,train,11128056849573421806
2953,train,17644252747145472373
2954,test,18398163700266922086
2955,test,17285597461596735283
2956,train,12866453131938157313
2957,train,16732935610864592292
2958,train,18107636037532824314
2959,train,16572500637397968817
2960,train,8074047806109348020
2961,train,35422757572088946
2962,train,4031804887583962326
2963,test,13720035556261903563
2964,test,7206586697280053306
2965,train,15070890618170099658
2966,train,12018029201541446218
2967,test,5213906503469635472
2968,train,15206584886067482650
2969,train,3786683789142972232
2970,train,1808867878827262824
2971,train,6904204376824166916
2972,train,15196670453725653580
2973,train,16926630998077212309
2974,train,17355708556764318034
2975,train,17694722723406093945
2976,train,14973292726901613590
2977,train,12252621455522460043
2978,test,17640456907748625041
2979,train,833186681547127420
2980,train,11584582058882880130
2981,train,3145801005785849185
2982,train,17730541563694301203
2983,train,8940178209805924581
2984,train,6446220688907329628
2985,train,16393570833009634389
2986,train,11305912151471860798
2987,train,2414580646772787900
2988,test,2417335928929059961
2989,train,969507443049546856
2990,test,6962606844389910843
2991,train,16948780881137981129
2992,train,2105198987477095572
2993,train,16708550979356010313
2994,train,15621396306744118749
2995,train,2410942212456162374
2996,train,13109195127640318673
2997,train,16169898939342791610
2998,train,11856542876633310809
2999,train,12660324329910830248
3000,train,8753121538115672894
3001,train,10148742370211801779
3002,train,4943933821656193397
3003,test,15563446664341121486
3004,test,13289713386773259496
3005,train,2491952010783017318
3006,train,11453768176894934470
3007,train,1085027931182028735
3008,train,748175647568482674
3009,train,10893259721916591010
3010,test,12774555542847539490
3011,train,4382406259979256864
3012,train,7922543502587084050
3013,train,11834128711180757688
3014,test,4072862662373269060
3015,train,3810384601625867948
3016,test,4299853788363068436
3017,train,5852657786032478749
3018,train,12479293998535906058
3019,train,13690110867383094281
3020,test,3159510135379334946
3021,train,15894598428715795163
3022,train,14677607002597721189
3023,train,16908047980362247232
3024,train,10476203528964276694
3025,test,4151304678057764949
3026,train,1108023605315790412
3027,train,4974130432793906770
3028,train,10275391235316924731
3029,train,7420896478145623586
3030,train,3489809167255803145
3031,train,12381924144496577867
3032,train,13747230599224606798
3033,train,11724434374561526159
3034,test,9015143646810676772
3035,train,89614713449059582
3036,train,15147008963514961283
3037,test,5178219095286076286
3038,train,10302007574220326330
3039,train,1218373073199492305
3040,train,13957545364121987766
3041,train,13592079560217291165
3042,test,927676746858173038
3043,train,8903592055313790863
3044,train,8155462896412048329
3045,train,728158183653588492
3046,test,16490201511304164802
3047,train,9843904227343643065
3048,train,16751052244515756608
3049,train,7429916035285974174
3050,train,14035156434617051014
3051,train,5646016121353045503
3052,train,17261611328935015978
3053,train,16090482943430200122
3054,train,5850237051474019514
3055,train,14781870203756066544
3056,train,4503353484904651146
3057,train,16423441913594923800
3058,train,1857994855433462660
3059,train,11974799549498773124
3060,train,4244498290109640028
3061,train,8587805938305204053
3062,train,7798789872054275666
3063,train,5690247213406275353
3064,train,5488289660319464802
3065,train,13787287671608427867
3066,train,5071327465659756293
3067,train,2136988372679368712
3068,train,7081484966360671150
3069,train,3700092708961925653
3070,train,10694238012426570596
3071,train,8387830939047911506
3072,train,13061959941279589087
3073,test,9758859653689342550
3074,train,8707842224509343173
3075,test,10867716134469107715
3076,train,10328025499128706978
3077,train,10758088160360202279
3078,train,10961021020548337372
3079,train,9333855495301712626
3080,train,16540855225814191527
3081,train,11831591407981138290
3082,train,5740070721552654618
3083,test,12085889837874645589
3084,train,719769682272638090
3085,train,10971140670188138825
3086,train,10896745965027706062
3087,train,6565817675215779187
3088,train,7121332358577341129
3089,train,15160553948510909580
3090,test,17807399708609594466
3091,train,15108700739056403289
3092,train,12753296298253817231
3093,train,11830413330371793473
3094,train,17605765675740967033
3095,train,12743333798827419600
3096,train,3388266053528644173
3097,test,12285674931808811485
3098,train,8093555050594946397
3099,train,18130304423486894831
3100,train,1617772771732654445
3101,train,15131579029138979959
3102,train,10400984710026796339
3103,train,11515490004254340403
3104,test,12653570382846516779
3105,train,9060329015273600986
3106,train,6879825013213112565
3107,train,1287044988687693430
3108,train,15122883777631101189
3109,train,13341047231941394236
3110,train,12329198186718327298
3111,test,14533757570327729855
3112,train,11380800210345778257
3113,train,8075015406166215954
3114,train,16386434017859166224
3115,train,3447891666290409350
3116,train,4521709009930494323
3117,test,2384245439516162186
3118,train,16469801266808741361
3119,train,10607389638448726183
3120,train,8018272066251854262
3121,train,11043732630608826635
3122,test,5366412246516057592
3123,train,9575827701494502118
3124,train,14464562975348878507
3125,test,10142289371845810790
3126,train,8404010251443089655
3127,train,13335121744221946686
3128,train,17843252885161145161
3129,train,2505565420607156302
3130,train,7972619738791296693
3131,train,10374945301695777858
3132,train,1293127545393038631
3133,test,14936461538986827845
3134,train,10477166363054448512
3135,train,6197593915878604150
3136,train,7152116089460794165
3137,train,7498868249865831621
3138,train,16592112801636142939
3139,train,3215641432093335913
3140,test,1207285453028569790
3141,train,18265553900369738525
3142,train,16558762116849132268
3143,train,17507896403794551223
3144,train,7324677336532491505
3145,train,13196614265647259573
3146,train,6607399811135577344
3147,train,4181386444980847585
3148,test,3337042274037487761
3149,train,3056188313211488017
3150,train,843150863655168523
3151,train,1882590336728052225
3152,test,2084061644345751731
3153,train,18039336869262346467
3154,test,6841865226712266295
3155,train,8420685875035419887
3156,train,7955603332772635686
3157,test,1172044707809467753
3158,test,6408842634752565610
3159,train,12956633336425967885
3160,test,4566460931240093802
3161,train,4072124737274755407
3162,train,7976135873018515873
3163,train,7478004926057344282
3164,train,7544506836241833874
3165,train,2551359179227800840
3166,train,15011049596459287724
3167,train,2593077639398818777
3168,train,3682709829200725272
3169,train,1721284589067308616
3170,train,13466805603345597640
3171,train,11880292566698718766
3172,train,15695517978340496697
3173,train,17367855502442158994
3174,train,4695457087131643689
3175,train,1988975829868344993
3176,train,7354061348212844398
3177,train,15593747730893873867
3178,train,15197697875115181504
3179,train,8232803943427925951
3180,train,12931292635595527876
3181,train,10223159824501045545
3182,train,365400248580779295
3183,train,18327313483486776314
3184,test,4513599077118635064
3185,train,8801427003641108751
3186,test,15029925251594350973
3187,test,5442020452684162695
3188,train,1309168367257165894
3189,train,312183720635616731
3190,test,338322285496716203
3191,test,9509671343669092139
3192,test,6391821211065679089
3193,train,1358385756431809090
3194,train,10148122635124669821
3195,train,4711113270065925814
3196,test,1283717722413059498
3197,train,16541343369629025269
3198,train,12840688453816716456
3199,train,2613273859444926403
3200,train,11093086300355660580
3201,train,1853156255686712594
3202,train,5757456311326106064
3203,train,16916032448330383181
3204,train,7692002629738871391
3205,train,8088343939475044576
3206,train,8629177229551610654
3207,test,15542317783337898540
3208,train,10603731689430599160
3209,train,17006987019265269213
3210,train,3296725023560376948
3211,train,2833477403577216996
3212,test,16207910436855369572
3213,test,3705033049821774154
3214,train,16090236616321273172
3215,test,3486442017382638914
3216,train,9494516531650958650
3217,test,8729115489537034566
3218,train,71163613836678574
3219,train,11679689785664027383
3220,train,14021352677886770828
3221,train,14483160876079969155
3222,train,9149165508142261896
3223,train,3806296707097688357
3224,train,6299822027569650123
3225,train,16683557181947954382
3226,train,8188420888415658844
3227,train,4824929756200741179
3228,train,16245813825227930783
3229,test,12641058773631651325
3230,test,11187376869856098308
3231,train,3607027024126816665
3232,test,11011595891857249834
3233,test,4299447884768727280
3234,train,191030640109763981
3235,test,17641014940525234508
3236,test,16829594066566112151
3237,test,10619231145589741757
3238,train,12181831317270477708
3239,test,18121870768325888829
3240,train,9801384856651683909
3241,train,3671197700911669774
3242,train,7326133661508260789
3243,train,2896924197328517942
3244,train,9068569677707297745
3245,train,10941639615866415632
3246,test,6790245117750910038
3247,train,7546019089266848891
3248,train,2270200558452988333
3249,train,10881151206187663430
3250,train,15556980374753733317
3251,train,3952215181067458499
3252,train,18359016235399392967
3253,train,1964590639142222174
3254,train,4286068615603269115
3255,train,12457943219543296235
3256,test,5047709558673526123
3257,train,11138149808860501081
3258,train,3273405063978296155
3259,train,15354310602724886545
3260,train,690127118157636633
3261,test,16649737435746419549
3262,test,15955824852575701893
3263,test,7305266169673705612
3264,train,12966734218509051827
3265,train,9633119580308128340
3266,train,14692432085511714183
3267,train,9725361146088653622
3268,test,10096570147368808780
3269,train,11580901427957863825
3270,train,17057518461638707827
3271,train,4979371208965135932
3272,test,1711012614700972654
3273,train,679035605055780904
3274,train,10725051491585051252
3275,train,13724318191098049781
3276,train,774671283920448536
3277,train,1080841585141185416
3278,train,7965269707948548360
3279,test,6671682989896014306
3280,train,12873170203674575869
3281,train,2276081138547727982
3282,train,14313529173120571269
3283,train,2475931576805697973
3284,train,1000795114536642314
3285,train,4705601892438783415
3286,train,10347578997332185456
3287,train,16069065855135216503
3288,train,9409531222029955196
3289,test,14328960367975282029
3290,train,7860799612443566551
3291,train,13819352995575512682
3292,train,12696019254866520152
3293,train,16316311524280278855
3294,train,1292160481126562579
3295,test,10095485335557508661
3296,train,6493337963434685108
3297,train,12461842213648965949
3298,train,14594523541388355638
3299,train,13158480769701341484
3300,test,2709088805969613681
3301,train,17432357426447125560
3302,train,11340502413786465611
3303,train,15075985310337760129
3304,train,2845881154846281756
3305,train,2740495898282057729
3306,train,1783066262592307549
3307,train,12631527015835987998
3308,train,15059328405235470265
3309,train,4498738246706533618
3310,train,10984752962656978537
3311,test,15185639557826324160
3312,test,16702054797713014990
3313,train,8822080591760971827
3314,train,1588265378336228229
3315,test,864903950369866846
3316,train,1502195076592769586
3317,train,8206036875928903992
3318,train,5189987115738911348
3319,train,2695950250749452753
3320,train,12544695103241744600
3321,train,15330481512740836872
3322,train,7353378658232143240
3323,train,4850284637548940859
3324,train,3749445353457896272
3325,train,15878306849013422519
3326,test,9931644192712520060
3327,train,255704286050362481
3328,test,9026037520471122839
3329,train,17334779230978618426
3330,test,5139127376988494952
3331,test,13908081844094771783
3332,test,7993346760844821713
3333,test,8362299441930887251
3334,train,6202492935576269323
3335,test,3869753636679634730
3336,train,6479974400121152903
3337,train,3342794558117615223
3338,train,16602954589357530103
3339,test,16701119792797645393
3340,train,13808854725026836583
3341,train,6828146801839263961
3342,train,6976195793595963981
3343,train,5129465108668046749
3344,train,16021971431099064405
3345,train,741961264558219276
3346,train,4534902410655108527
3347,train,7844011150432025920
3348,train,16422221852423928831
3349,train,799952847082155774
3350,train,1499737989315662916
3351,train,11283953123893491537
3352,test,7067072086093807107
3353,train,17080788499851957876
3354,train,17512021836688983615
3355,train,2209203679821788897
3356,train,13328605851984799687
3357,train,18238184446628697884
3358,train,5357111108408392807
3359,train,2132520727727937350
3360,train,16742689307944900477
3361,test,10377332069544612751
3362,train,8811692004487815162
3363,train,7338251153358288123
3364,train,14947757031645754756
3365,train,6831994386486704502
3366,train,6471894627412383935
3367,test,930339393095725874
3368,test,869472132000914789
3369,test,8206361146612141743
3370,train,2940262948836768626
3371,train,4430171405602030383
3372,train,11486006131457527463
3373,train,16309727059883989612
3374,train,8314141438086507479
3375,train,990008307193753792
3376,train,582356587741498579
3377,train,16044423770171822502
3378,train,7055308738787429488
3379,train,11562132031141785501
3380,test,8921068368447923071
3381,train,11430152907700466080
3382,train,7563033851945955360
3383,train,5307686780288852826
3384,train,18067609508463566166
3385,train,10514442519824476031
3386,train,12034134100596109098
3387,train,14607934372624991514
3388,train,16059829382398450074
3389,train,14125782524618321748
3390,train,5182764508361896887
3391,train,10910289175062103072
3392,test,17605582123121572431
3393,test,9450243719401101887
3394,train,7691435363480464236
3395,train,8044870734517946481
3396,train,6244011150167942354
3397,train,6558712319570161673
3398,train,15393763234044693326
3399,train,8233972503108313255
3400,train,17795408883051611881
3401,test,17351605896922468212
3402,test,13777894371351086154
3403,train,7153921401561188569
3404,train,11089101205517887669
3405,test,10482341145913949747
3406,train,13765264220042938211
3407,train,13318825548256738518
3408,train,17483918223794293983
3409,train,3685230671969588719
3410,test,15989333125145539183
3411,train,17129093446740086081
3412,test,13724476118652938634
3413,train,4460497176251042997
3414,train,6649398610277922246
3415,train,6976795102213824034
3416,train,15825753770617042685
3417,train,8714155142508021432
3418,test,6045736442996216631
3419,train,6678777928157269768
3420,train,666891726119668655
3421,train,3011975708486901850
3422,train,10584304445268501268
3423,train,9112735784299463265
3424,train,3895911958368083267
3425,train,9584882675109221412
3426,train,6772699949616397905
3427,train,10356767459403038459
3428,train,8779505274561751978
3429,train,3244425359512542003
3430,train,7348425153086299676
3431,train,13458673432587753506
3432,train,16835478638312756695
3433,test,1303271970914501102
3434,test,6663668457637130745
3435,train,12743112483829046535
3436,train,12333881599354284578
3437,train,4047660184057708935
3438,test,5494561754547001779
3439,train,14697168459760207068
3440,train,2717908955298605743
3441,train,14974826379653423416
3442,train,17617707970561165455
3443,train,3536667182854106166
3444,train,5157672376357804500
3445,test,3699238823305120297
3446,train,15773105262167687659
3447,test,6120575788801088324
3448,train,13110530369054635397
3449,test,8067600170843235359
3450,train,8058730092056007554
3451,train,7598701399259472603
3452,train,17599534186588020612
3453,train,5302307074407963310
3454,train,7459925364540627647
3455,train,15347364331826510810
3456,train,3345277237886176013
3457,train,17403982985228084911
3458,train,15815866970163183546
3459,train,11324066302471281711
3460,train,8492086417601963895
3461,train,10015573210863209972
3462,train,18418884602386492503
3463,train,8841068337583672480
3464,train,17333690848472042259
3465,train,359009136356046046
3466,train,5625980151034878832
3467,train,12810686318245968877
3468,train,778804671277485775
3469,test,15337424742687547232
3470,train,7475444269210462344
3471,test,8225923400032996282
3472,train,8481948401236363238
3473,train,10830137217655416583
3474,train,7434756136535558170
3475,train,4646630239615817066
3476,train,703841436304228842
3477,train,7661990362485420724
3478,train,2548578489372668922
3479,train,17592010830977564172
3480,train,3648039901651824844
3481,train,17167407969499415000
3482,train,9357288383913839296
3483,train,1640456177880494289
3484,train,5566195280952551986
3485,train,15335411521621452265
3486,train,2247042696296492206
3487,test,16961756067107284647
3488,train,7241216138342470185
3489,train,14173954894758225252
3490,train,9112619666732588362
3491,train,6320844050961561465
3492,train,9185676028111082181
3493,train,2510690326303094543
3494,train,8687092564110577271
3495,train,4637703461860008182
3496,train,4198227768847439699
3497,train,15142492829280108643
3498,train,11155201574746908899
3499,train,14122292503667232269
3500,train,1272472815639425843
3501,train,3857948947234475589
3502,test,16159903825359277169
3503,train,8767687337563752009
3504,train,10294677888204310737
3505,train,9768924574379500464
3506,train,14920433509589890059
3507,train,5594994003901736964
3508,train,4299744355319343435
3509,train,1870307126918409634
3510,train,1863056536208870728
3511,train,13941210116352383421
3512,test,2173455596761253087
3513,train,12165051883498172376
3514,train,5332521101758898518
3515,train,5889511460993724940
3516,train,13222568225281590580
3517,train,16414921179694891813
3518,train,14135678833216752320
3519,train,6865931438677220016
3520,train,2577520025775621168
3521,train,9109336866350785426
3522,train,11799328909836871265
3523,train,7647101411080926550
3524,train,11579418124255703989
3525,train,2433362763143906025
3526,train,12453586973972252886
3527,train,6154629267116053955
3528,test,16339267837252580200
3529,train,6609760473936277351
3530,train,17887487500377636968
3531,train,6722073309800401937
3532,test,6246049797683898923
3533,train,12621528355664853118
3534,train,13690596185004352124
3535,train,4231495668170956635
3536,train,1976560438849742308
3537,train,4817866318344644534
3538,train,3644932000159551035
3539,train,9173108709721402366
3540,test,17675081958006570029
3541,train,12961470271061538915
3542,train,9846201404755960714
3543,train,3927100189514617959
3544,train,14174288995931494300
3545,train,1275267012761290586
3546,test,3295686427322688291
3547,test,17054675205720619482
3548,train,16760034595070060958
3549,train,408659627599929713
3550,train,4360059214049434066
3551,train,6363553104468004241
3552,test,17119526739762971042
3553,train,16221812631791756863
3554,train,3856447556339895493
3555,train,14447086483493001280
3556,train,15206437700204130950
3557,train,12659753039236857301
3558,train,4289485766453401161
3559,train,7068719852454166179
3560,train,18106350484259858798
3561,train,620328423868287079
3562,train,9852476027485734240
3563,train,14473216793035656258
3564,train,7275866668200131651
3565,train,10048607398463048726
3566,train,4605269771483079585
3567,train,6237102021445486515
3568,test,9485073030826706742
3569,train,3922839402650631219
3570,train,6886558164420990251
3571,train,3902986296800531216
3572,train,10752551609817578315
3573,test,2807124007495313092
3574,test,12233959478069394255
3575,train,13412099086495524994
3576,train,17839102960673940
3577,test,15360604237715314721
3578,train,5062177974397546451
3579,train,6688683861357492356
3580,train,1017618854840058432
3581,test,10539562922816254826
3582,train,16522302031942939430
3583,train,15252187697147646215
3584,train,3093534272567550802
3585,test,11005628785851880514
3586,train,310910883511051458
3587,train,3113697714492891100
3588,train,8399272330227465943
3589,train,14118554765938409024
3590,train,4134186126612014103
3591,test,15699801361376182623
3592,train,5111999517825215756
3593,test,18397767242189808361
3594,train,363668530649196570
3595,train,3268182785753948729
3596,train,3315233076595806150
3597,train,17276237668735175239
3598,train,7023146798197286177
3599,test,13357605087232129764
3600,train,8823570992128152474
3601,test,11369851636291943505
3602,test,7923332462629327649
3603,train,10542363469507394103
3604,train,13750266768050797558
3605,test,8299401091184789491
3606,train,11592013683652901348
3607,train,16747962170640378282
3608,train,12886172802558866527
3609,train,6549390092941451838
3610,test,7359665128059220969
3611,train,4174877391428054767
3612,test,14212984806218560110
3613,train,4971627245552475247
3614,train,16454810384214077135
3615,test,16430074793918907896
3616,train,485525720734214231
3617,train,13609108405229995256
3618,train,13044834995719172899
3619,train,7365134570539113930
3620,train,14887538052919711328
3621,train,14622449233543951909
3622,train,11016597008826082567
3623,train,2453639312238531760
3624,train,13043045231505820404
3625,train,9131442165902698374
3626,train,15706746488573849195
3627,train,7617672524389170294
3628,train,18198992122725334381
3629,train,14402123655183786219
3630,train,2815911687567401546
3631,train,9951767248563196311
3632,train,14495802590585674060
3633,test,11375509276916654746
3634,train,13059611764296028467
3635,train,7806987893372719130
3636,train,13950519813528260078
3637,train,16594348536672035873
3638,test,8006468458213466578
3639,train,12759613441379482537
3640,test,9685731026812296314
3641,train,12718878756257070903
3642,train,16892739925815685341
3643,train,8922425341228551312
3644,train,6316806294342059542
3645,test,14793841707725804973
3646,train,8887154844412733406
3647,test,14305724688674996144
3648,train,5608934500143339968
3649,train,9282573000024819349
3650,train,7628471450821658308
3651,train,16082950948370198708
3652,train,18160561124816547892
3653,train,17450886811422196854
3654,train,5477871650308179044
3655,train,12617010416472773038
3656,train,6248717136679969778
3657,train,15183830435118578298
3658,test,7141814716241836642
3659,train,10279349914501683283
3660,train,368214291500205788
3661,train,3943387110153685707
3662,train,1426019994387990484
3663,train,5005085594438521961
3664,train,1774947112007180975
3665,train,14156488309805618002
3666,train,12861812876865499424
3667,train,10601155751295535775
3668,test,6885136525485777692
3669,train,8695142074240291610
3670,train,6404706886602065390
3671,train,16567277081430410971
3672,train,12186190652643229034
3673,train,3086908561156833722
3674,train,2024577749853082426
3675,test,13457863521762549032
3676,train,18825781477143171
3677,train,6686010932738160412
3678,train,3981118937912861387
3679,train,10697338397435473355
3680,test,13362327443174745392
3681,train,11284676998294440069
3682,train,5159502994710538066
3683,train,2110985245412785377
3684,train,3114558764843133254
3685,train,12531796077749160499
3686,train,17288139155454312769
3687,train,4357781204572552308
3688,train,7856609994533491626
3689,train,16133127992018337489
3690,train,13657047222392340119
3691,test,8100008203572982953
3692,test,14303624736243014545
3693,test,8735749232615076160
3694,train,6960114966648325549
3695,train,7208927663356613277
3696,train,2289973070353223965
3697,train,4761432898181077939
3698,test,10088550285170802916
3699,test,7439662083064171159
3700,train,11472411158469013136
3701,test,11365878993897351420
3702,train,16736669462946301583
3703,train,16270033890212288010
3704,train,12775250080962016517
3705,train,87601484139602942
3706,train,10280524310909094437
3707,test,8425671433160667188
3708,train,12867214408026078018
3709,train,8487487803646699831
3710,train,13936297366839775129
3711,test,11747673429178734578
3712,test,6264855963474722430
3713,train,13094902044810557600
3714,test,14015295736726288217
3715,test,14509789478915354148
3716,test,2402313704004840203
3717,train,10771794708022714069
3718,test,9792606714085858536
3719,test,17165824622941769697
3720,train,17181230138141100886
3721,train,6884251310934725624
3722,train,2036695179916885825
3723,train,960096307224990584
3724,train,11391628018987115560
3725,train,9509598365394727951
3726,train,12776466490774914224
3727,train,12242481079935071191
3728,test,9026918133192933940
3729,train,14799035105967389317
3730,train,1486531608155845359
3731,train,14704703035698109362
3732,train,18014333767712642224
3733,train,14356199601536460863
3734,train,3054779984539648250
3735,test,1067925823812547456
3736,train,14874598219822829892
3737,train,2139562347045776545
3738,train,3550224864024551520
3739,train,12582829637399184784
3740,train,5555721519257950480
3741,test,16491579967602148278
3742,train,4727859280071560681
3743,train,15549159193978309882
3744,train,7111841810944442353
3745,test,16130852000206276657
3746,train,10447414095681535902
3747,train,13343399618924876891
3748,train,16355037305397738952
3749,train,7782615313911103799
3750,train,5352668460995140028
3751,test,5852720946174839065
3752,test,17342560541859388439
3753,train,18040212129168195346
3754,train,14026625812744923312
3755,train,14735480492192941575
3756,train,5896182717499825479
3757,train,8032622761306287777
3758,train,5748028973684088509
3759,test,10933324954871560168
3760,train,12739737817278415937
3761,train,17116529413233747697
3762,test,10571654108408625521
3763,train,10074461675098214187
3764,train,14750514759168088673
3765,test,3939011658379018259
3766,train,4677060579135619659
3767,test,10656863125881434463
3768,train,18144781085173974903
3769,train,17421597510867512206
3770,train,12565554332719600745
3771,test,6428625104379704306
3772,train,1800850501118883397
3773,test,5096402596773610064
3774,test,14404413362155314914
3775,train,17420785546361605247
3776,train,12815819280826436433
3777,test,13358470119369897938
3778,train,1679287326465887456
3779,train,8951773252497788950
3780,test,5474686417235492691
3781,test,2180264346331585146
3782,train,11706302101316571985
3783,train,8103528135036126279
3784,test,12249881581235910742
3785,train,17878106021881223611
3786,test,15197599235838566504
3787,train,15036784720401680070
3788,train,10457095162265963499
3789,train,8563151146943857990
3790,train,14634109159559560558
3791,train,18214001394142878825
3792,train,11556882430259224334
3793,train,3549040846724776293
3794,train,14101398783710981730
3795,train,1113692569067346711
3796,train,8791006580473654117
3797,train,11510501939199808944
3798,train,2362988806598002438
3799,train,5168489801623829781
3800,test,12875222253655168583
3801,train,13330422939059037057
3802,train,12840618334414100049
3803,train,7484017580774552456
3804,train,10479863737746603365
3805,train,17105286354522282197
3806,train,16569607397683319893
3807,train,10681226536445223355
3808,train,4717199113672773348
3809,test,15700448861626579527
3810,train,2735229805018598104
3811,train,17147791443498068012
3812,train,3588424242582601359
3813,train,1014641140443881234
3814,train,3539906220895678445
3815,train,5366822204243092174
3816,train,8931154603189395269
3817,train,8008133918681630132
3818,train,14667465702961134562
3819,train,8060717537017711455
3820,train,17841498349210975153
3821,train,179363956783670994
3822,train,18168436490981871096
3823,train,3095523520724856990
3824,train,4331161411954320454
3825,train,1206159583806049415
3826,train,17546906734197822042
3827,train,15925198426029726954
3828,train,9653398663901657962
3829,test,7689802588891857984
3830,train,11636722729325105850
3831,train,16604554900152296488
3832,train,6788738856160885196
3833,train,9054380673700252516
3834,train,18206723791838543100
3835,test,16651752745295844853
3836,train,399535769917325538
3837,test,5305282390541218457
3838,test,6482700175769053906
3839,train,9754432403565008427
3840,train,237968437463834933
3841,test,17859164107558615592
3842,test,2867612098361462574
3843,train,4608912089599781701
3844,train,15098739216787748554
3845,train,18003997453788582716
3846,train,1090624877349749297
3847,test,55646803027480036
3848,test,2573980662860504507
3849,train,6816170358959431641
3850,train,350830915217120984
3851,train,18435954049278163989
3852,train,9823993638694972194
3853,train,17359291323024239464
3854,test,16032311705439610073
3855,test,8673284570201304552
3856,train,10039337936166308004
3857,train,759937080595197223
3858,train,16818100265340606752
3859,train,17545363212058640503
3860,test,11538980878190604464
3861,train,6575459967269972365
3862,test,5929396145420549267
3863,test,11958654554758949422
3864,train,14070530892988419084
3865,test,12694087283894982435
3866,train,5917805979801216647
3867,train,13138224665885639389
3868,train,11231801078458265521
3869,train,8681579037803238504
3870,train,14534585420338755765
3871,train,13820055800444190917
3872,train,13242314462959267141
3873,train,7979402480230793403
3874,train,3537066835453635824
3875,train,4838976746398386823
3876,train,7934051296894569432
3877,train,3083833854604012504
3878,train,2519400501298571235
3879,train,10253692120121486894
3880,train,5034031289521151549
3881,train,16127043853521450158
3882,train,3743144804893492049
3883,test,11605451979119161472
3884,train,9224541604495857782
3885,train,1035704283722121691
3886,test,18427785781374302573
3887,train,16005734855606758598
3888,train,8093874577640757463
3889,test,17074798483159541785
3890,test,8898259732318963736
3891,test,9147748952117727433
3892,train,766034006228374314
3893,train,7792790757589904984
3894,test,1856235673781568653
3895,test,503256292419788756
3896,train,14158232320927408095
3897,train,12590474111662350269
3898,train,501095640980636528
3899,train,7284495731566648893
3900,train,4280748114881383985
3901,train,4949063903982201634
3902,train,17831445517117383205
3903,test,8932713987481438294
3904,train,4891635783972694797
3905,train,1847972323066923028
3906,train,1950352890858152938
3907,test,16086520678150127143
3908,test,9607322948209953481
3909,train,2775021699623986970
3910,train,7781164173834617589
3911,train,15098877212965367599
3912,train,18260901419866532206
3913,train,4190319249910048391
3914,test,2773768068507722888
3915,train,16248729836403227070
3916,train,11833534269848765291
3917,train,10374702719300475978
3918,train,17168789362465481725
3919,train,15904203300633521115
3920,train,4674557393516448166
3921,test,7722733514352574299
3922,train,3857443934557885895
3923,train,18033883888835239632
3924,train,140236446896227619
3925,train,5353579637914253748
3926,test,9120924770215567555
3927,test,9987920631938628202
3928,train,14997057461481737120
3929,train,1997169796000516477
3930,train,3845516042413398751
3931,train,866429498019744528
3932,test,3376124635072979336
3933,train,5912949987555694222
3934,train,15534394387537650822
3935,train,7944650905183870119
3936,test,12116488368475636074
3937,train,18404117117386982298
3938,test,849391455313169690
3939,train,3193251114632366592
3940,train,4968661217297512202
3941,train,7420043750088480008
3942,train,7205090287159386156
3943,train,1414468722471266724
3944,train,5118466541461290652
3945,test,16518919639181203093
3946,test,6822298833737285586
3947,train,13461678047827470457
3948,train,16131392802099912626
3949,train,14191689491651169579
3950,train,4549450368424345653
3951,train,9372536864761881304
3952,train,10158903451090294462
3953,train,14656333020411317861
3954,test,2098748263771279532
3955,train,8283937212334359058
3956,train,7429633806768787879
3957,train,17812635170759280558
3958,train,3710497567492759205
3959,train,12551096016150880083
3960,train,13163113796222880450
3961,train,6635089306545214671
3962,train,1195997955599839844
3963,train,7125048023708826866
3964,train,12441928427549939631
3965,train,778442058724765554
3966,test,14715349445898718554
3967,train,3075471810704941117
3968,test,3858855043815666986
3969,train,1270856155055426529
3970,train,13114913410003770230
3971,test,7295351845407563971
3972,train,11863426057603995409
3973,train,8676385784467931244
3974,train,17868520350231762178
3975,train,10753201552025006593
3976,train,14379187381494443971
3977,test,16472637115984875745
3978,train,6969699245385218292
3979,train,9609555681568148281
3980,train,1396457800913018546
3981,train,5865343580767092452
3982,test,16428114718936553621
3983,test,15528638099832590872
3984,train,3752848913731331723
3985,train,3055903413045157637
3986,train,5695591156845863820
3987,train,12345889434208407685
3988,train,14839152082881852761
3989,test,15703557029164589630
3990,train,12499634953766725645
3991,train,12600812928751512038
3992,train,10429633322113404797
3993,train,9052128346087286792
3994,train,11897289920337407194
3995,train,2708725120384840335
3996,train,8296035157231565137
3997,train,4410491675111439690
3998,test,18172675597078901141
3999,test,17376771866673820292
4000,train,15686003806949294991
4001,train,9397789706635192150
4002,train,16764920912301966555
4003,train,12267994714299522564
4004,train,4488178334179896198
4005,train,3480470939965150620
4006,test,4749452604621264632
4007,train,2936263261019956213
4008,test,15684000296041871304
4009,train,7431211998371903067
4010,train,8149184010847266069
4011,test,10216740487275950511
4012,test,2664384734780599964
4013,test,16608576304681029834
4014,test,910068184323643613
4015,train,4769671220911033190
4016,train,1674889115851383981
4017,train,2756163838667149794
4018,train,6089482805682892756
4019,test,3470873539991861265
4020,test,8170870842853081591
4021,train,8558472932088878950
4022,train,10857487037519136957
4023,train,10991528727845033520
4024,train,16331830779335084893
4025,train,18293151312528340206
4026,test,10187090968331584745
4027,train,17814095004868968553
4028,train,12360747490997856081
4029,train,6886626767171471649
4030,train,5105264611645700158
4031,train,12495442735792156221
4032,train,4375761858183384695
4033,train,8924618135396419665
4034,train,11643854918019336834
4035,train,4057317959828451528
4036,test,4385849133295527743
4037,train,1270650179003846004
4038,train,14538004647039080763
4039,train,8166794022114011552
4040,test,17421778288875105130
4041,train,17999880259127976079
4042,train,15650710948572646170
4043,train,7836997965340276539
4044,train,9814708560965787976
4045,train,8789502415596377089
4046,test,1576421896824285236
4047,train,11789374530294915967
4048,test,9085753889906973936
4049,train,4826928340307557060
4050,train,9565658252178861128
4051,test,16056282594917908184
4052,train,6649406990374007139
4053,train,131577227969662460
4054,train,7752325464956587418
4055,train,9131381919210704672
4056,test,4758956956014715459
4057,train,1133958925326400221
4058,train,15247973393893874682
4059,train,14174359133498409785
4060,train,18427883413705194634
4061,train,13977198279755344997
4062,test,8740926097649196763
4063,train,17031249186691199838
4064,train,11853495086899876564
4065,train,1143581368565544445
4066,train,2280783427848577466
4067,train,15921282740257093323
4068,train,14979635557730043246
4069,train,13009232497005898365
4070,test,555013231016217787
4071,test,5854843154806456933
4072,test,3848147000894878729
4073,train,1222736199804918020
4074,train,6544937209436495353
4075,train,3918254871335773518
4076,train,3305364379780873556
4077,test,11673947627885344458
4078,test,18446096777786308437
4079,train,413950653959292183
4080,train,9332302016337696676
4081,test,3137064902917505739
4082,train,5919590937713884292
4083,test,15565819894117556591
4084,train,12824304671482746725
4085,train,4638963438723034856
4086,train,64480381816303849
4087,train,6493873991110852048
4088,train,14165313584023731891
4089,train,11358915008344373082
4090,train,4949486127325777303
4091,train,8676104075743587308
4092,train,15694344240279436763
4093,test,2532735084859479207
4094,train,6865198973594403555
4095,train,10709735062120853491
4096,train,14177201100004836680
4097,train,17818936362404008623
4098,train,8561515816490625385
4099,train,1110911852819590299
4100,test,14656264238265028024
4101,train,17322931390858532974
4102,train,3686430984041364017
4103,train,17349804083804328066
4104,train,13190005595232677937
4105,test,6750228145296637542
4106,test,8051952103138351880
4107,train,10705018504897581893
4108,train,16027616943553245500
4109,train,4066707099582046589
4110,train,10618779746889135846
4111,train,10595328877749007603
4112,train,18076772900510433278
4113,test,9118318339109372925
4114,train,10309217312283610147
4115,train,2263929565655526325
4116,train,5816942058029624509
4117,train,3129995588753778936
4118,train,16361355516717531017
4119,train,5723600360362976950
4120,test,16966690199875852732
4121,train,15487640533698163970
4122,train,14304585732507211913
4123,train,13340611931379941787
4124,train,22292434058304884
4125,train,117436733129479679
4126,train,18017882327790941520
4127,train,10604190527753190091
4128,train,17352667651512906433
4129,train,1081984477605566332
4130,train,2843687074242312958
4131,test,10334164156506849841
4132,train,9771822154727367968
4133,test,14185614085348038373
4134,train,7864618011302181758
4135,test,12496519940544546064
4136,train,9387810525606529046
4137,train,13006185255563136106
4138,train,18030746340792992871
4139,train,6715374036898464914
4140,train,17233475983161321917
4141,train,17187966600902378999
4142,train,11192092208046461377
4143,train,10599752407883716542
4144,train,15248545390002488964
4145,test,6833330753662387351
4146,train,17023761667290171744
4147,train,15346450990390286671
4148,train,11280614139311424508
4149,train,12478234575222747078
4150,train,3183816017049895139
4151,train,6875552609542751098
4152,train,12036596390952469463
4153,train,13264587843645270548
4154,train,8815768057055297457
4155,train,13626403153810651640
4156,train,14936637826270756051
4157,train,16573973737150854228
4158,train,3136865554603531632
4159,train,17266178154720810156
4160,train,434940771954340252
4161,train,3887771227645114687
4162,train,16502484423966367836
4163,test,8648240305481113594
4164,train,17409786683618177264
4165,test,4233986209244455719
4166,train,9137272612862625585
4167,train,9811394294459714878
4168,train,10835675753777136157
4169,train,2478001954304622230
4170,train,9229049154930833845
4171,test,17260391950611983403
4172,train,13846684353650918590
4173,train,12977801263800570527
4174,train,2595105269342157130
4175,train,13385889911289766245
4176,train,1692198001609451840
4177,test,3231452848058522737
4178,train,209773055246744754
4179,train,9733106490120942552
4180,train,13414905839506606501
4181,train,7188664316176834079
4182,train,325701464272442454
4183,train,202777160512507921
4184,train,7847995704395966554
4185,train,11386783768946614952
4186,train,14816209636694461211
4187,test,11020130610169793967
4188,test,8013683030611409228
4189,test,1998822794932672083
4190,train,7068868483383329555
4191,test,5712522914622600884
4192,test,5712522914622600884
4193,test,8507370535333337214
4194,train,12354517927016188611
4195,test,14502508993870373750
4196,train,14723911444289485755
4197,train,9063009343449379132
4198,train,324956587513419277
4199,train,7811696983322538060
4200,train,3931046892154837299
4201,train,17540031851249202512
4202,test,15666233153278151952
4203,train,683255643473564136
4204,train,9638524682354632792
4205,train,842036424433632867
4206,train,3918458465251722504
4207,train,3354313672810393590
4208,test,9531429278260187412
4209,train,18188115915441451535
4210,test,5972226468723681265
4211,test,2295086343327421690
4212,train,4145238151870745861
4213,train,5636382757417874110
4214,test,4737545405912585581
4215,train,8553339612663264739
4216,test,8974580545816551086
4217,train,3379687714256276387
4218,train,7272901805078766370
4219,train,6496851364244420049
4220,train,3670696353042759180
4221,train,7622326615265070537
4222,test,9644823280594061594
4223,train,397254112528259060
4224,test,7164096775454473961
4225,train,12618819853221151779
4226,train,17059443093760890890
4227,test,10502702193148505285
4228,train,13458602138919553790
4229,test,12695637096210411564
4230,train,15693781312657011011
4231,train,9967691554882513403
4232,train,3571036665175282848
4233,train,13540277289317249551
4234,train,3362328483836403475
4235,train,14215381793707912644
4236,train,14215381793707912644
4237,train,12178584700446987150
4238,test,15299429098673088963
4239,train,1837397304032621093
4240,train,2417381296904820288
4241,test,4360040467400683131
4242,test,3262986800239049006
4243,train,9407684333168235927
4244,train,4443896944302909128
4245,test,5305658965322759270
4246,train,11783594556284766251
4247,train,17791695879333016485
4248,train,18207797919100950284
4249,train,13566958943682471479
4250,train,10612042466678032176
4251,test,12776976630851785862
4252,train,572483713237804337
4253,train,18046780416368145637
4254,train,15070397303149248506
4255,train,12777369391816639593
4256,train,16326907022531538121
4257,train,13651425096655005474
4258,train,13651425096655005474
4259,train,6352125218951230740
4260,test,15342241084308037433
4261,train,11849054497928139735
4262,train,4669208301308715506
4263,train,15552877550996766441
4264,train,985772938202441472
4265,train,8508772190209487297
4266,train,8343544349564446010
4267,train,16638496743852097976
4268,train,13597919835737239837
4269,train,18261905342696196439
4270,train,12844182666153025738
4271,test,380117653627029457
4272,train,12812678342876393094
4273,train,174487215508817868
4274,train,3512094291638355619
4275,train,15474100913955486379
4276,train,9552555006490319400
4277,train,18048434562358223063
4278,train,3185917085941334543
4279,train,4748887518334512496
4280,train,4748887518334512496
4281,train,10080951007893946170
4282,train,7898479596788866207
4283,train,8224198447614072651
4284,test,14995747230480536622
4285,train,8000785936036069041
4286,train,18089947737727826996
4287,test,16293432949187744781
4288,train,9466008873338730258
4289,train,6900414971763711441
4290,train,18075108119847092277
4291,train,9044278409587356697
4292,test,2032936583213509545
4293,train,863280149246662054
4294,train,2955117005009919633
4295,train,11784989489430947531
4296,test,16331240197945775309
4297,train,13055432943224495550
4298,train,9445064086651446716
4299,train,16555987667118617511
4300,train,840585707450117984
4301,train,8016700492321986383
4302,train,7180034380199264344
4303,train,9044257526968862754
4304,train,1198001563462683967
4305,train,15343476492597190598
4306,train,12576122008004067087
4307,train,7899094728793529888
4308,train,6638464726153767453
4309,train,7214901721925021000
4310,train,351357604140997927
4311,train,9689523923296239653
4312,test,3228801659834003544
4313,train,7931077723658620230
4314,train,4305908041251569015
4315,train,5322260972249943348
4316,test,5041598258633945771
4317,test,4617545180598162909
4318,test,5032823006593004070
4319,train,4111293224299304030
4320,test,11621866950287981985
4321,train,1376453463942237810
4322,test,6052655062644402454
4323,train,8564928202924323429
4324,train,8564928202924323429
4325,train,9625808491338003675
4326,train,10910342482821805574
4327,train,14179739728765133156
4328,test,5750966467059611321
4329,train,2854955825063861118
4330,train,68061808207006219
4331,train,3795852466963397602
4332,train,9269147684363982853
4333,test,13103852443306275502
4334,train,5564649069036129150
4335,train,1965451391223169233
4336,test,9959511743691283934
4337,train,5386094497461791716
4338,test,12113641750642403994
4339,train,1532930390323756641
4340,train,13537467122196017683
4341,train,5448911628625098024
4342,train,7369468619298830632
4343,train,11320929139704817047
4344,train,938935548832539021
4345,train,10305306998514441040
4346,train,14851590753677803591
4347,test,12442551445225171810
4348,train,6341854337639366421
4349,train,9022529466288430896
4350,train,2982259883985989361
4351,train,3010538904766248086
4352,train,15549071678158671149
4353,train,9461206516900300561
4354,test,9186917843259840085
4355,test,5214576760796362629
4356,test,10331409080285104122
4357,train,320345584179063629
4358,train,18260932042674587335
4359,train,12572697120820865201
4360,train,16538376965622416634
4361,train,1791105593379835248
4362,train,15290466315066089187
4363,test,12844994101052788716
4364,train,4565976250205995955
4365,train,13799678232087760044
4366,train,16924630399600178294
4367,train,4455270999435125523
4368,train,11785223180932980393
4369,train,878360516853252604
4370,train,6800027415404087831
4371,test,16114340957337911282
4372,train,18305056463541223347
4373,test,5165266103828924256
4374,test,7143307255549631359
4375,train,12373535002980286019
4376,test,2752099075467636583
4377,test,4383098629274470007
4378,test,2598988115587673492
4379,test,14924977328535569775
4380,train,9628596767289510953
4381,train,7011418880530039315
4382,test,7786843663473786500
4383,train,4683839945532521442
4384,train,12274200604515930005
4385,train,5811467951253419854
4386,train,5198666936906757397
4387,train,5405980432604519518
4388,test,6691464704667961088
4389,train,7087678506333596677
4390,train,13195137831925831216
4391,train,2411455107003309881
4392,train,13286819845692794662
4393,test,4189498481669078583
4394,train,16386798062643837066
4395,train,3751995191288871553
4396,train,6807428585907645231
4397,train,1286650120458232234
4398,train,5736696123902712752
4399,train,16006176192713304653
4400,train,1801027503842373246
4401,train,6299180287708527065
4402,train,5206120642875733171
4403,train,7013364769543038936
4404,train,334169957976896004
4405,train,2165971167969045839
4406,train,7255631685304407392
4407,train,13298242021512114876
4408,train,562519246358385587
4409,train,562519246358385587
4410,train,580359763806310825
4411,train,13384212546946838252
4412,test,12411200290373418121
4413,train,12464808746931241104
4414,train,9915279614709035867
4415,train,2266224687111359138
4416,train,1282051995196714575
4417,train,14946929591940177692
4418,test,381281814941221019
4419,test,9827167920552687831
4420,train,3136725210997142531
4421,train,17864618575809833779
4422,train,10434716805708219944
4423,train,17769250738238958671
4424,train,16389898339008259849
4425,train,10574375990429030531
4426,train,674198749454610304
4427,train,11722525549588324510
4428,train,3562960588366320081
4429,test,13377739977752770634
4430,train,15036590292604381049
4431,train,14268504023040973286
4432,test,8164799042000628360
4433,train,11582960817269987213
4434,train,8820226046473593443
4435,train,10553788585408218898
4436,test,15549427781957979669
4437,test,14638777603053792660
4438,train,17531310749680767969
4439,test,1634331125681053958
4440,train,2789354975980108845
4441,train,8035999565664751105
4442,train,9010507067313076901
4443,train,15733361499050722997
4444,train,8440331324272042394
4445,test,3250554273293873321
4446,train,11677842785603793379
4447,train,17179454168130993021
4448,test,8817807182448279178
4449,train,3782747128006099504
4450,train,14523377764539101763
4451,train,2163294492530343804
4452,train,15517391041770510211
4453,train,2747864004486456720
4454,test,7288184565840836442
4455,train,7656532664671903935
4456,test,16912396372576793224
4457,train,13474856553860130853
4458,train,15620062366810916694
4459,train,1614219439346918871
4460,train,2222440025577940054
4461,train,10895808553496310877
4462,train,16694603137452850367
4463,train,6966391601905896450
4464,train,10376481035511070472
4465,train,3708150464332536165
4466,test,9859646416653588174
4467,train,8151210170135344217
4468,train,7977532872567979467
4469,train,13465245015235803548
4470,train,10419738353886076460
4471,test,8432379776048400847
4472,train,7010810458792784096
4473,train,6384907446367844872
4474,train,5923407611804445039
4475,train,5923407611804445039
4476,train,5326422221088857957
4477,test,13569114674585875128
4478,train,10265562259804600909
4479,train,17588297219178064580
4480,train,3467368243631219191
4481,test,16114000014483637190
4482,test,17068765730134147059
4483,train,8885814042569374252
4484,train,82031984458586635
4485,train,17905926507762964062
4486,train,5441886357401964371
4487,train,8842190130384840141
4488,train,15889114751290173984
4489,test,17575167748527600367
4490,test,10113086904312082836
4491,train,1756211619264923418
4492,train,5476443795351230765
4493,train,1105932165467838689
4494,train,12674181184934194270
4495,train,4240941810135595877
4496,test,212809371342651377
4497,train,6930064471698376794
4498,train,6930064471698376794
4499,test,4738528920781889612
4500,train,9909694674392091361
4501,train,11849283233816406969
4502,train,7249206027771070540
4503,train,2379389449215225267
4504,test,14020414578195717986
4505,train,14628860783500774867
4506,train,3794632360730522532
4507,train,6114301973108525455
4508,train,3527775248876692127
4509,test,2646537682130534071
4510,test,4216835648955775687
4511,train,3148936697661556260
4512,train,16122166775414406591
4513,train,5322059715034498361
4514,train,15580033228416261027
4515,test,7237808800292577016
4516,train,2385947879368604326
4517,test,4011883677496352101
4518,train,9995270692517138370
4519,test,10103797057945810161
4520,train,9995962792015197362
4521,train,3842444916276645220
4522,test,7584433438874470865
4523,test,6715109525321550778
4524,train,502073215146272655
4525,train,12346634922157505416
4526,train,12347671629665017177
4527,train,5962703281451259240
4528,train,17952066679992843791
4529,test,7870152664763099977
4530,train,11657346450619145383
4531,train,6329358991937139511
4532,train,14034252976858179902
4533,train,11481328056244173915
4534,train,13872224054666146460
4535,train,12387567340505282106
4536,train,17380650635021072104
4537,test,3416768296830758995
4538,train,15039763777991448853
4539,train,17634948869120381350
4540,test,14678146473905455433
4541,train,6420943039983867674
4542,train,5531193707381329705
4543,train,1127116920499278239
4544,train,14154640486550048498
4545,test,10523223648225222342
4546,train,18353164799301072619
4547,train,16261027717153930060
4548,train,12848613691217186821
4549,train,2502529592046871508
4550,train,16370643646162969451
4551,train,8126016247440793077
4552,train,14699345543695904755
4553,train,14260079224209334795
4554,train,16110480865995251770
4555,test,12652041103727486367
4556,train,13864433337803042392
4557,train,15262574846998481734
4558,train,11687454239295522860
4559,test,17281262850894379871
4560,train,13729026606403921817
4561,train,3297154484334302602
4562,train,12608965274107284053
4563,train,1310553056494435854
4564,train,16027335618858353293
4565,train,12189333845743042307
4566,train,2784709485429775334
4567,train,18317025735643456843
4568,train,15474879814078946458
4569,train,7100396667580382945
4570,train,3011260884868970716
4571,test,1922657512933332233
4572,train,11712383767849506714
4573,train,16774800417545352517
4574,train,1636888959814609085
4575,train,12471616460391184845
4576,train,15098981942087665981
4577,train,3892741009687515538
4578,train,3461949428903796113
4579,train,14701222598618734027
4580,train,15059806875668575790
4581,train,7997802773453153668
4582,train,9167111490139278267
4583,train,14636110854137283536
4584,train,17532749714100877183
4585,train,18384102260630875748
4586,train,18384102260630875748
4587,test,2657696612774241326
4588,train,18065100422616243835
4589,train,3174470714658040385
4590,train,13221807318945051900
4591,train,512076060187502027
4592,train,9744654192525763418
4593,train,1138426453371854947
4594,train,3295441724386077532
4595,train,12422692770760487631
4596,train,9651060668128185495
4597,train,12836961302592701287
4598,train,13308702727252887671
4599,train,5403738172683346084
4600,train,8610219669850052167
4601,train,16411556998135284929
4602,train,5136607502002212619
4603,train,836965498490942112
4604,train,2634967572274993486
4605,train,13532638990022299365
4606,test,6581044939022380394
4607,test,1404922730007699033
4608,train,14204816533217009546
4609,train,5094241200016506748
4610,train,17947100618521962889
4611,train,8178019342682567486
4612,test,11985606266071588095
4613,train,8581988513337037796
4614,train,17294635939362889269
4615,test,2918003148809721032
4616,train,5364766092951733895
4617,train,13466399953240308045
4618,train,8213958213116550352
4619,train,9134899027828892350
4620,train,15248513664727888579
4621,train,9285951083258842876
4622,train,6858901185492691767
4623,train,2618783817735365449
4624,test,15534266166275474758
4625,train,8177383851430263058
4626,train,11053247455610270253
4627,test,11268280973793369574
4628,train,8002458613533783818
4629,test,9008252030329051409
4630,test,9008252030329051409
4631,train,1851031752794989959
4632,train,4321285486706499482
4633,test,11458159493309425553
4634,train,3240029087033161340
4635,train,9958457198627116427
4636,train,1423483426784673970
4637,train,11272031678875622715
4638,test,16428135579115954340
4639,train,16039224839115491850
4640,test,6962323769875700567
4641,train,933921706207902993
4642,train,2231463394831125420
4643,test,4413176872607563491
4644,test,13539026421821971168
4645,train,1716601807631618374
4646,test,13782085202991443301
4647,test,14498751104081506469
4648,train,11831488238722611114
4649,train,9663487713550328857
4650,train,16568852196972793457
4651,train,8021240409132798298
4652,train,8021240409132798298
4653,test,563725299851248972
4654,test,14538730556542046657
4655,train,5862262181623065148
4656,train,10834931006251535893
4657,train,17624797243955332726
4658,train,3044597150998778819
4659,train,12964451487644686726
4660,train,18418890282710674429
4661,test,13559886167717822170
4662,train,7735819580641511514
4663,train,96805113785239522
4664,train,100747782482376370
4665,train,447909444194229389
4666,test,9126639966278038966
4667,train,11144857100647504060
4668,train,4127103214400748434
4669,train,401957143726492121
4670,train,8752463757744563179
4671,train,5537245759043247948
4672,train,2580888930849920335
4673,train,6353652209668914528
4674,train,2426684031293460123
4675,train,15321806140664615569
4676,train,17221077849037445452
4677,train,7360991337978249430
4678,train,2623733408846454203
4679,train,1478359046541784800
4680,train,17412913812888688701
4681,train,8669781653505947884
4682,test,11438433969982989371
4683,train,9073194256030654093
4684,test,9455020558759328067
4685,train,12684418971575221295
4686,test,6005417018857860366
4687,train,13115440822889631063
4688,train,11493570843801708648
4689,train,1277544671868565334
4690,test,409049361334929604
4691,train,8997242357326025723
4692,train,11167099085388898493
4693,train,4799640771386548378
4694,test,1667699029576318193
4695,train,5148496780524459970
4696,train,15029843594765996857
4697,train,10814098604195989935
4698,test,17763640133044930386
4699,train,10227327866304382505
4700,train,16831829011135095512
4701,train,17776373272884371371
4702,train,4225716158213773994
4703,train,9756502274370119391
4704,train,18318243895912345796
4705,train,7909098714453246627
4706,train,1162197202659862911
4707,train,16003373795438931723
4708,test,6168131391463861051
4709,train,10287045549452940272
4710,train,12785547100053726191
4711,train,17858061082874601129
4712,train,14825347349981145323
4713,test,8634659117670947600
4714,train,10000679114210472902
4715,test,579607121311799577
4716,test,16602211201126182362
4717,test,10411108003019127433
4718,train,1918202466326767734
4719,train,4316328040194660632
4720,train,15676005712172786485
4721,test,2309655148488044816
4722,train,7668603019000327353
4723,train,2177123749037129810
4724,test,16290815361815129559
4725,train,14574630415786113018
4726,train,4405660616020188609
4727,test,3416985876822910858
4728,train,16117472159418606992
4729,train,383003717006908577
4730,test,4432029819109114686
4731,train,9504959766382233325
4732,train,8478267850855910119
4733,test,9296991016282401304
4734,train,6251218009377674768
4735,train,12198944526440981091
4736,test,173755690193389724
4737,test,414924877903677600
4738,train,1039507319257773823
4739,train,1039507319257773823
4740,train,3593801632555393269
4741,train,17476250249473600240
4742,train,7494518763339119233
4743,test,6592229711082515444
4744,train,5335553409525963611
4745,train,7590677310419603818
4746,train,17842108470074367915
4747,train,8954179982327603612
4748,train,12498229268055035938
4749,train,7673367048309477767
4750,test,4964292316828623873
4751,train,16520114483145301684
4752,train,15255520174190042715
4753,train,12197563838885145968
4754,train,5556625614916017326
4755,train,17834730942810328029
4756,train,1951633531421751245
4757,train,8518655877320114234
4758,train,17515982963790500905
4759,train,10205394432608384129
4760,test,12439074284525160674
4761,test,12439074284525160674
4762,test,15184293657983553236
4763,test,17240777086964299121
4764,train,14131504949451061658
4765,train,12998250876424703151
4766,train,3969151954150477780
4767,train,7632552898643330153
4768,train,2365687618558352920
4769,train,17217100137745659787
4770,train,4394636113106200012
4771,train,1970464815204271208
4772,train,5373341984660137028
4773,train,3746143397703483508
4774,train,8878295398546512823
4775,train,6365486072057662076
4776,train,414829785689111066
4777,train,13898187857942372552
4778,train,4456026691528544935
4779,train,2771717329910237705
4780,train,7506132326850087670
4781,train,2688530496509417885
4782,train,6063665776069943062
4783,train,16779893853566990701
4784,test,10784457827251505635
4785,train,10853966515183827118
4786,train,6540819530921381026
4787,train,5969873150880823007
4788,train,6010590325859333388
4789,train,14933777326434475233
4790,train,2407226522645456488
4791,train,5799911368346337511
4792,test,9921998259362201049
4793,train,3599492685310221700
4794,test,17662081413824590882
4795,train,13036948901702965675
4796,test,5711633633134636096
4797,train,4856705409756783071
4798,test,5890363506572041873
4799,train,14774432001991152230
4800,train,5217190586304855674
4801,train,2427063970799837909
4802,train,15377588452790575502
4803,train,17563892975187990294
4804,train,11604092671963445269
4805,train,11604092671963445269
4806,train,10525666974352819851
4807,train,15223913105904196038
4808,train,12054946276224570458
4809,train,3594696870488215099
4810,train,18325859085662019728
4811,train,2776997296558917673
4812,train,15427201704318623484
4813,train,10833656047769318083
4814,train,3162446505250892097
4815,test,18096260432617139004
4816,train,9813172837992336090
4817,train,1763654333268061607
4818,train,10047146797150375240
4819,train,1412477250373517771
4820,train,11687501532433421997
4821,train,5761403806263317274
4822,train,10921331872795021950
4823,train,1240956476971908289
4824,train,7285015511393187666
4825,train,12153295750281716446
4826,test,5215465972794159229
4827,test,5215465972794159229
4828,train,12162565046797300979
4829,train,11794649711880245358
4830,train,17361320457964812618
4831,train,13846887161255151487
4832,train,2998523190521005332
4833,train,3673859553559667033
4834,train,2361352648218213256
4835,train,5278087542430946327
4836,train,7930101733048630689
4837,train,7006653535212219436
4838,test,11516905536493682122
4839,train,17237355484349728771
4840,train,12996053100696550280
4841,test,7919440225974801815
4842,train,7537566620561416489
4843,train,17050793558275241750
4844,train,10830814849257480354
4845,train,16393065846008951949
4846,train,3081864973530485638
4847,train,8068298258508384350
4848,train,7329991323384015085
4849,train,7329991323384015085
4850,train,18377221205889684835
4851,train,12589581317045996558
4852,train,2857712807779256654
4853,train,8059530018157123755
4854,train,16591002081878509340
4855,train,1292713025101674517
4856,train,14327300129045929004
4857,train,8839811504005807219
4858,test,6114445071098286125
4859,train,17993390962931246560
4860,train,3178355356876624334
4861,test,882093934444487083
4862,train,5737965390882031420
4863,train,2278024377483270543
4864,train,4628342854208778321
4865,test,5077515871413903114
4866,train,17694857934933498394
4867,train,7152674036895483525
4868,train,12940624628407027006
4869,train,7456535611774167838
4870,train,5167763518684832573
4871,train,5167763518684832573
4872,train,941049504340448179
4873,train,3862121630028885070
4874,test,3084077149412842596
4875,train,11208865209313956237
4876,train,12580795117523973150
4877,train,18001134657175280123
4878,test,17029054770970394190
4879,train,12781392720633753357
4880,test,6355043168897969995
4881,train,17614300042597083221
4882,train,1475789956246832789
4883,train,3498839740190633912
4884,train,1671622515510649529
4885,test,7475031780804419038
4886,train,6963890675463810020
4887,train,16673561284305512794
4888,train,10865332491823885969
4889,train,18426871713575165475
4890,train,10647780992899441620
4891,train,16340203860104289799
4892,train,17341283579782279576
4893,test,16560773603895210379
4894,train,967992962838804865
4895,train,987104171487826140
4896,test,10330304158644709306
4897,train,11694515309136421119
4898,train,11085218637405498816
4899,test,7552321677744485705
4900,test,11067867938919162648
4901,train,16907314292896428927
4902,test,4865817016344840249
4903,test,11270084214092051879
4904,test,300996515203800847
4905,test,3571245737113873710
4906,train,106939008055871947
4907,train,6546962055764293788
4908,train,563766129023095866
4909,train,1418693054337140680
4910,train,15000845175927699003
4911,train,7582931094495812317
4912,train,11066166756389203878
4913,train,14660786250670277937
4914,train,12751411531383342978
4915,test,11462565586777050201
4916,test,5068184221914721999
4917,test,17736543615072716354
4918,test,3391989369055489028
4919,train,3801375612776366397
4920,train,10083279936584603610
4921,test,2369666380397606171
4922,train,10116040574870205646
4923,train,364630071442623677
4924,train,11177134904947299691
4925,test,4224756883115021221
4926,train,5461563515470261625
4927,train,4992512011211779812
4928,train,2283050183733556921
4929,train,9330428094632527230
4930,train,3753748673232747396
4931,train,16828797441200143642
4932,test,13441009243073046229
4933,train,2725498460769715399
4934,train,4782849493607644004
4935,train,6096513501422617675
4936,test,13320210149687401220
4937,test,10939238112132809487
4938,test,2062326441299936517
4939,train,716240924372750760
4940,train,11575778371843745539
4941,train,5060488088830910230
4942,test,16710864526889441409
4943,train,11757325226992847364
4944,train,5421855299943930973
4945,test,13506566998824658974
4946,train,10957144506903680444
4947,train,12654727424770317129
4948,train,8147504907777806467
4949,train,542984539306026530
4950,test,5499761130872382797
4951,train,289888127769161982
4952,train,15358974984098742468
4953,test,16294030946317375071
4954,test,1071621111622524771
4955,train,11713078233731618976
4956,train,2029968640304422415
4957,train,6968093508462130983
4958,train,11079165936309305096
4959,train,11079165936309305096
4960,test,5476387614806374098
4961,train,11823452427805997975
4962,train,6070334156201532479
4963,train,14357979179979260738
4964,train,18223437885299801437
4965,test,11884285819971304936
4966,train,8621030234161712897
4967,train,13814483254343332074
4968,train,7739201655141914693
4969,test,13744048924284330175
4970,train,18431196240487679254
4971,test,13429483183069998617
4972,train,14837479005142662866
4973,train,2119875366380621448
4974,train,8224512253845112979
4975,train,5830159775299671855
4976,train,5102655357893053060
4977,train,10279516990528381131
4978,train,9694431734033648299
4979,train,4367543328484679620
4980,train,4367543328484679620
4981,test,17558927602093419918
4982,train,13773795049563655355
4983,train,2283200014932567316
4984,train,16682905077137706625
4985,train,9885165376011005914
4986,train,7477209373093078843
4987,train,9135238622804842074
4988,test,1952111024980726201
4989,train,519228536937316963
4990,train,11119802831772436878
4991,test,17491650079526068628
4992,train,6913951671388478753
4993,train,2257583217382453066
4994,test,12188846385176430885
4995,train,2452241850654985927
4996,train,17591566144353019216
4997,train,5715175256544352864
4998,test,16193057232578355355
4999,train,5474702382116709908
5000,test,16872994025507780164
5001,train,1471162126432134051
5002,train,1471162126432134051
5003,train,10190935938488275353
5004,train,4351748374715976756
5005,test,6590592782061468716
5006,train,11456796978655226969
5007,train,7940074482956562290
5008,test,18311936407035689891
5009,test,14590321468687395250
5010,train,8091253411266858817
5011,test,14819026874881008086
5012,train,1224391080658575302
5013,train,16038858064838466990
5014,train,18153541816275195870
5015,train,18358472886649958337
5016,train,15410368358861763494
5017,train,17376182743243752620
5018,train,9153410593248626082
5019,train,10113730857097583533
5020,train,5458283545919990495
5021,train,13364892986084204440
5022,test,13725816540433972003
5023,train,13052534858188495836
5024,test,1128296630126919355
5025,train,6220155744370677425
5026,train,2055693255083776092
5027,test,6847438647163990530
5028,train,14759289866980469051
5029,train,17255753428772826812
5030,train,6009321167101385609
5031,train,16829156798381187220
5032,test,6084845992607528003
5033,train,17102245700339710939
5034,test,14653018173797366032
5035,train,13553766703397466296
5036,train,4440513343355873032
5037,train,9065764303178255832
5038,train,14878704880178580547
5039,train,13783601916851063483
5040,train,8907640540629185177
5041,test,4298514563421074499
5042,train,17030931104167989675
5043,train,11281411323112028622
5044,train,858649867581634047
5045,test,1745702897349450753
5046,train,18059799000935974628
5047,train,1075329006682777986
5048,train,1335720519243960467
5049,train,1365777488257549448
5050,train,6402622307332362607
5051,train,12550549997446590681
5052,train,5034393728343379354
5053,train,5527837369379843490
5054,train,12595013550847615589
5055,train,7377286235361630558
5056,test,2794117782250374474
5057,test,14474216734327705913
5058,test,14474216734327705913
5059,train,14769544323267076015
5060,train,11125296649719793946
5061,train,15561238990228909637
5062,train,10489179483394540004
5063,train,3509790208877456743
5064,train,12397139179299811734
5065,train,8882964451815259515
5066,train,12151015697681987808
5067,train,9644072624427625287
5068,test,13726817948172026051
5069,test,5480999342813646863
5070,test,13107872828657651935
5071,train,3377278086415858716
5072,train,757822897693091915
5073,train,3036213966009532357
5074,train,14825375558712071023
5075,test,1371998837198562740
5076,test,247404404404886082
5077,train,11574517829761786333
5078,train,6227122020948220542
5079,train,16267667247621595461
5080,test,8110154542371011786
5081,train,9041087293515200700
5082,train,4087205489166583417
5083,train,132221605204556184
5084,train,12496382077863706889
5085,test,13295215245563101074
5086,train,15485130064441644807
5087,train,8767849950223708578
5088,test,5150852261468424913
5089,test,17156074929873659647
5090,train,8288181464989031442
5091,test,7973123768315400472
5092,train,625429651825619289
5093,test,7209722303351715438
5094,train,5539417407577006157
5095,train,4492263546785567391
5096,train,8682306407250139048
5097,train,9587666792092817992
5098,train,18229331265747751875
5099,train,10976096277366416188
5100,train,11392361596819684816
5101,train,16918154254428290279
5102,train,16918154254428290279
5103,train,5508838596848254173
5104,train,16353652245015609760
5105,train,12913602888296375836
5106,test,15297137724047806037
5107,train,9230325587521522274
5108,train,16441244023205461259
5109,train,12842001980624572766
5110,train,7485520543350237149
5111,train,6850207316781554851
5112,train,5283926126691986582
5113,train,5977827420439944092
5114,train,12569164283095270945
5115,train,1528937162768754250
5116,train,17312326217980655613
5117,train,12281531191492403783
5118,train,13132723159534477852
5119,train,1589914173026647920
5120,test,17877802025379586931
5121,train,11540444332748155948
5122,train,17472960761036837920
5123,train,3823005945533618607
5124,train,3823005945533618607
5125,train,9089727994681785253
5126,train,8054147846687776080
5127,train,8572991631867740799
5128,test,12591311234890281226
5129,test,13695496811947649525
5130,train,14238935238831674824
5131,train,12791446811238659097
5132,train,7155928202487618562
5133,train,18081890933930062896
5134,train,14354919248803635077
5135,train,2836842631266693119
5136,test,14911068182174846910
5137,train,4495985387146568489
5138,test,645315951708188698
5139,train,876748101907273040
5140,train,1126700577726617003
5141,test,1976047812446016551
5142,train,3586757061785443596
5143,test,14816065924187296403
5144,train,10963065313073313579
5145,train,9352434294659758804
5146,train,9352434294659758804
5147,train,16056776892329854110
5148,train,6487819580724817051
5149,train,12627214167125678966
5150,train,16213677492265179
5151,train,6351796763821518592
5152,train,15938531765341894261
5153,train,12846802210391347860
5154,train,13648098572158570455
5155,test,517127713957786432
5156,train,10377515532597434396
5157,train,13530225212155251656
5158,train,5033058670937830712
5159,train,12897609516685405267
5160,train,1022900824211345160
5161,test,928521526000751094
5162,train,18000145614697951596
5163,test,11325642383551501387
5164,test,15771901192246417861
5165,train,15875318317798234026
5166,train,13771292710678843713
5167,train,12987866144697473746
5168,train,5222794194111956961
5169,test,11670547182915097687
5170,test,8655019454776484914
5171,train,12145206848145252697
5172,train,13874936325942461616
5173,train,16517608788790343071
5174,train,5659315718068798722
5175,train,9132539337246355695
5176,train,15411895000242494472
5177,test,274303585879511050
5178,test,17263678268580024671
5179,train,8872382700605237465
5180,test,15951039533895047152
5181,test,14745491048990486179
5182,train,15527763983731801036
5183,train,4211930074716066442
5184,train,2883033930981605745
5185,train,9811570500070245921
5186,train,2575172641538297494
5187,test,17299200807017239069
5188,train,16707958608999656737
5189,train,6120909058842539426
5190,train,6120909058842539426
5191,train,12255904534889014164
5192,test,2442388498209542641
5193,train,287025756431845751
5194,train,6300198409907471510
5195,train,6746214551156782409
5196,test,9354180859571597064
5197,train,10860990944394317317
5198,train,3444780324239012118
5199,test,17521128093941662072
5200,test,1329263800262887502
5201,test,15190382281217880746
5202,train,9691003322680940135
5203,train,15671174044239357618
5204,test,13017113095136957373
5205,test,16853238407681929207
5206,train,12304687133100530537
5207,train,2287120244159661142
5208,test,12759391235880254788
5209,train,12549739503977643407
5210,test,9905107324255943672
5211,train,3981314629716170663
5212,train,3887356381968789180
5213,train,3113710571618065030
5214,train,5123861530093199787
5215,train,5108025639803571958
5216,train,14301762393936962571
5217,train,387280112218554640
5218,train,14757546997506364773
5219,train,15610868046126456820
5220,test,5579368281294644363
5221,train,558257375767056565
5222,train,11639461045814164227
5223,train,15758167494164612903
5224,train,10915455535140340734
5225,test,15585535751901657695
5226,train,16270507774814048904
5227,train,6314497627785601398
5228,train,3256135371898630492
5229,train,1685882303695196219
5230,train,8617406197178310117
5231,train,8603988581913396954
5232,train,16371352461092745009
5233,test,16340187737990044034
5234,test,9121231265515434537
5235,train,9325727338880246943
5236,train,10546533992772557002
5237,test,2728396007095220971
5238,train,11647188027178122134
5239,test,2389958766668548857
5240,test,14323117744190005260
5241,train,3818310872733167965
5242,train,17953700013495451634
5243,train,16649358634790100457
5244,test,6893132597047080789
5245,train,18395961884499244065
5246,train,9621076308951817105
5247,test,634110050036740190
5248,train,5651805418378137393
5249,train,10151779765070994283
5250,train,231492108529062293
5251,train,7553019880336351862
5252,train,11616541026229291980
5253,train,4370092997956387103
5254,train,4008836735335037464
5255,train,2343398160227846535
5256,train,11874067392220247312
5257,train,10577784283927368410
5258,test,8026560038801036223
5259,train,2687347064529618325
5260,train,4570588366432130044
5261,test,7775406201983269635
5262,train,12989439572663683294
5263,test,17086452127263705819
5264,train,2987735442449217404
5265,train,6557343088452289422
5266,train,13022354273111206052
5267,test,11664986260135632860
5268,train,425943242329261321
5269,train,9674627950715245704
5270,train,2521652307353907803
5271,train,10601751372360409365
5272,test,14782117540339096999
5273,train,1086653357593115672
5274,train,8606028445365078014
5275,train,13578879176741577957
5276,train,3753914176565704930
5277,train,10639603212579793
5278,train,11491357629040142366
5279,test,16179784403229788864
5280,train,1122551422968117917
5281,train,11378323108216712229
5282,train,6701152959186868340
5283,train,560382360057897727
5284,train,18286804605198987678
5285,test,2372563736141083139
5286,test,3053044577342716160
5287,test,12925871022024517687
5288,train,8079004039429986467
5289,train,606641549951742175
5290,train,2325165340943768751
5291,test,16863397956317650124
5292,train,2561869813144395563
5293,train,14711661149826886309
5294,train,13362067218441097111
5295,train,17796720856822821836
5296,test,1620545183773803682
5297,train,13238389398959980813
5298,train,13915256948043315862
5299,train,15744849513434883613
5300,train,15439704692270997210
5301,train,1461280217351396044
5302,train,13041254829742775457
5303,train,7307388868657234225
5304,train,15980799659014324300
5305,train,12087165752817671507
5306,train,7960629284894085306
5307,train,6836689247886874067
5308,test,1885426508533342324
5309,train,17617022860209773407
5310,train,3659490100100950319
5311,train,3576227842984479575
5312,test,16903667662226707655
5313,test,13953637809568748180
5314,train,18209948257745766135
5315,train,8946182873519062193
5316,test,18339263434771988779
5317,test,17647681140588274664
5318,train,9614514864959808838
5319,test,5050546379222722197
5320,train,9780241874134784178
5321,train,2815230829469042529
5322,train,15604639399300651682
5323,train,8027186251189706900
5324,train,10261522060018343041
5325,train,8514006980136010378
5326,train,12548227845492216059
5327,train,7343363149233973836
5328,train,9797295632175167257
5329,test,5552415318730635180
5330,train,18068295385613238067
5331,train,959922318615444336
5332,train,3043056264773231376
5333,train,2185909716102411912
5334,train,5379169301112659480
5335,train,6051758146859399779
5336,train,10397688493457228908
5337,train,14384619953241145866
5338,train,6831646623203020728
5339,train,8036227026889315263
5340,test,16096011444645410129
5341,test,2642508271153412730
5342,test,7981314341481140405
5343,train,11304659978859825070
5344,train,14314978471877342081
5345,test,3283685419650563063
5346,test,11188028368073503434
5347,train,6114641438542132656
5348,train,5826920595476067629
5349,train,13224823598199444850
5350,train,1112505720534458215
5351,train,12698267422066356214
5352,train,12911697772490470681
5353,train,17027063621024213890
5354,train,8366241367070663582
5355,train,10034331492172587706
5356,train,10133429891395350026
5357,train,10118118310653625461
5358,train,3216452967182585386
5359,test,1192477240600180784
5360,train,1634949304892558446
5361,train,5989819242391063117
5362,train,5122131737688678551
5363,train,4883691381468089268
5364,train,17911432903234092995
5365,train,15107686941613340476
5366,train,3706678969220823259
5367,train,14148215424415590609
5368,train,18070465819751783524
5369,train,4988716238948026516
5370,test,9206676963392364369
5371,test,15633871482189237830
5372,test,4252093802584178299
5373,test,635993243113931082
5374,train,3551965636300189593
5375,train,554408967090556051
5376,train,14022688713904354574
5377,train,16450161455905710356
5378,train,9435469659570641173
5379,test,14633897835703844186
5380,test,12688316972584277177
5381,test,3590883829157445531
5382,train,10773223800552404336
5383,train,895454305737577612
5384,train,1022024924004476975
5385,test,6267815336409197184
5386,train,15764608865299941176
5387,train,8306780030955311727
5388,train,8306780030955311727
5389,train,14627868946128821349
5390,train,14838064646859397128
5391,train,6973113075518515949
5392,train,13738661893408926856
5393,train,16487060787252872367
5394,test,12772462328224269014
5395,train,17451657189526083343
5396,train,12146041104609525120
5397,test,18321757982674200659
5398,train,10631573436443792419
5399,train,2307870052537540283
5400,train,9784181740164443627
5401,train,16932862161221296672
5402,train,13963377473884019699
5403,train,5900981598429515373
5404,train,11475083582956930607
5405,test,8165071470766763580
5406,train,11019770195097603842
5407,test,6824337256826682761
5408,train,13230888905966317830
5409,train,458302494454809357
5410,train,8472467104723057734
5411,test,15518524881148269800
5412,train,8611672730733465909
5413,train,18303887820075234344
5414,train,9047056813469873329
5415,train,17472175301671168918
5416,train,15575326013722589071
5417,train,12574638377299981890
5418,train,6840807384119668057
5419,test,11325379015684951111
5420,test,10067768447188438690
5421,train,12423794696570641832
5422,train,6259276947101939885
5423,train,13153291778104929110
5424,train,15828788626115146633
5425,train,13455648746675760403
5426,test,12289442470013029936
5427,train,7753621020859587716
5428,test,18305818136539683071
5429,train,11675261526543762000
5430,test,10622857736072594948
5431,train,13785058073680332603
5432,train,13785058073680332603
5433,test,8564132200363208497
5434,train,11160245438137128116
5435,train,14867584269684558658
5436,train,11371891004825446647
5437,train,9813418946579704820
5438,train,11586494980044780593
5439,train,5663937146892736352
5440,train,16637022819326376063
5441,train,2044836539319681865
5442,test,7325485882817187108
5443,test,10501958653774590914
5444,test,882353378508463075
5445,train,10495717135597928912
5446,train,11423450391907695079
5447,test,11901484752459214313
5448,train,12909056836869246846
5449,train,5743338608917368146
5450,train,2045317148160596189
5451,train,10430031376461051862
5452,train,8158980605737445662
5453,train,5857769498599753565
5454,train,5857769498599753565
5455,train,3132632093878963155
5456,test,16765657459821638382
5457,train,671464814775154207
5458,train,2636730486354197002
5459,train,9820938238325724161
5460,train,15859869184466581544
5461,train,13643163813286994377
5462,train,11454663741493948178
5463,train,18293505957633854592
5464,train,10094458127020379941
5465,test,9989475013898330015
5466,train,10844308110540118802
5467,train,5082689868265381305
5468,train,1945677061816226782
5469,train,11426258560765040116
5470,train,7576518317303294267
5471,train,18292086604455434112
5472,train,3958848534957169455
5473,test,3776087466554800103
5474,train,12559674541478302104
5475,train,12559674541478302104
5476,train,4707608186343413090
5477,train,3700901779570168535
5478,test,10504932440776431064
5479,train,12285723678488110173
5480,train,576510033471094630
5481,train,15817814619306932135
5482,train,12492009477812415214
5483,test,11143592157283137301
5484,train,9665641960678911503
5485,test,6029342724411742290
5486,train,2506150204422868312
5487,train,4082743033071398149
5488,train,4350086651869477022
5489,train,6903785432819135625
5490,train,7633797916490540011
5491,train,13015621008527915796
5492,test,6754065488313064780
5493,train,11338899567152884735
5494,train,11739206301979980624
5495,train,3754755684930300272
5496,train,14754532532813956375
5497,train,14754532532813956375
5498,train,14196780404376063245
5499,test,6432870830322924192
5500,train,3167166398887897442
5501,test,310979057963642403
5502,train,3851343677846499920
5503,train,15301635253932600729
5504,test,2803660945953355580
5505,test,2354637811367277431
5506,train,1232235903785343752
5507,train,3681146469070317692
5508,train,13247922441535255152
5509,train,17497980194743684352
5510,train,5262566517264466043
5511,train,10571170776842219332
5512,train,8523184453285447138
5513,train,1220758707566288168
5514,train,13160739918194003195
5515,train,5106670418688270725
5516,train,559424999816099666
5517,test,3966684587536016881
5518,train,15109503721261866690
5519,train,5151458668042107853
5520,train,17365834711947520067
5521,train,9815699974704060358
5522,train,6055579030244618234
5523,test,16412512998067763747
5524,train,4387797744575456296
5525,train,16806214250271121257
5526,train,8613017481779440036
5527,train,12146470308798020891
5528,train,7681376547121871505
5529,train,17270596212265855708
5530,train,14513451640190754426
5531,train,17741884495210629135
5532,train,632418737437299608
5533,train,12374511716103090163
5534,train,7156128044885438869
5535,test,9605654713824251698
5536,train,737360562640033782
5537,test,2440712354384180969
5538,test,9226583042238951802
5539,train,9774224440793499070
5540,train,1892531107474087245
5541,train,1892531107474087245
5542,train,8935138349559284163
5543,train,2099764011600362958
5544,train,13127290123356260830
5545,test,6841717140221572251
5546,train,5408831100928149536
5547,train,12952025348839828005
5548,train,3089530708062743404
5549,train,15377954278849585947
5550,train,7370785689308872085
5551,train,10398109863289648787
5552,test,16201014795466765903
5553,train,7346361477671508502
5554,train,6790499300022709943
5555,train,11345740528200868976
5556,test,13498788047455648350
5557,train,2225339125259101244
5558,train,4201422642640901067
5559,train,15310552308365647341
5560,train,13113374981188135146
5561,test,10924207563290433729
5562,train,16785729463690705746
5563,train,10606118306994404865
5564,train,13916676838988759690
5565,train,12753347207387854620
5566,train,7833363918579020265
5567,train,8552511621811912982
5568,train,4935828907938365003
5569,train,10849585996742026426
5570,train,13276618223315921001
5571,train,9091979277008361851
5572,train,9375223205845606049
5573,train,8973386601310399253
5574,test,16904459710941704788
5575,train,9210436208737918829
5576,train,9632631806795043478
5577,train,12593322482099634588
5578,train,6592995030651713978
5579,train,3748803987310894553
5580,train,1027334167931433107
5581,train,10157208374871457976
5582,test,2851440842941016399
5583,train,11597026618558028128
5584,train,17943536432090042687
5585,train,5349981161365737269
5586,train,8784742685530037568
5587,train,16700296863209170692
5588,train,6824295200839767585
5589,train,633354244949699658
5590,train,17172918481160536955
5591,train,12759744606135395850
5592,train,16870187488588670361
5593,test,6228373867179057443
5594,train,12184850322792356478
5595,train,18056147795377034372
5596,train,6195234593258447201
5597,train,13927436053663208618
5598,train,10533919130176395189
5599,train,13148782489286734823
5600,train,10231898343801132784
5601,train,4782977038780754016
5602,train,1098099978959874859
5603,train,4725218121101848612
5604,train,8613882045180572012
5605,train,4719207843745299499
5606,train,4719207843745299499
5607,train,14834634174469536801
5608,test,9350975132736208188
5609,train,5862000412184999376
5610,train,15761248521049382529
5611,train,18404851210468494878
5612,test,4138141069089463223
5613,train,1516108181028479234
5614,train,11690491244871011113
5615,train,14556125017577924175
5616,test,16886038577774507850
5617,test,15790977145196709200
5618,train,18200493850174425589
5619,test,9401207056589767198
5620,train,6754769740703096017
5621,train,7607552110769552731
5622,train,1769728984987582208
5623,train,10462546575969287980
5624,train,10051899396247076935
5625,test,9074367295293869912
5626,train,15740578239410348508
5627,test,2887621739946307059
5628,test,2887621739946307059
5629,train,4181868802084198377
5630,train,7805859995208211852
5631,train,9583936067524060763
5632,train,1602134457584325798
5633,test,329298084953524333
5634,train,1312616157990142988
5635,test,15319065498939295581
5636,train,6800728896577180574
5637,train,11756251200535331540
5638,train,4201171148766503777
5639,train,8100209739531018971
5640,train,12917565592066826326
5641,train,340058099921940613
5642,train,3974603196567735186
5643,train,14919927306837334024
5644,train,3496259200064824543
5645,train,16257379248765446015
5646,train,3295458465563863876
5647,train,17758470272380494859
5648,train,12688467282494761899
5649,test,3894293653151078804
5650,test,3894293653151078804
5651,train,9710728100057152350
5652,train,7277067603701345595
5653,train,17134268166376323405
5654,train,6698393153673488628
5655,test,17626163230183994799
5656,train,9085768801173537182
5657,test,1484708726131691819
5658,train,6145144074783090764
5659,train,7680697440574073990
5660,train,10194938314257089107
5661,test,4436476742284468429
5662,test,6199596356269206368
5663,train,4887015231487408695
5664,train,6947023144352883260
5665,test,9083665921752435450
5666,train,74164883542879757
5667,test,9022817090121693649
5668,train,9280848999555234054
5669,train,11806089950794320653
5670,train,1662671451689050177
5671,test,8757403288884101362
5672,test,8757403288884101362
5673,train,15578834305493617060
5674,test,5911040321818204241
5675,train,8895465747272522599
5676,test,2788335464325526974
5677,train,12973260619593403113
5678,train,15567230309728222776
5679,train,6458248910099042045
5680,train,10317572988028819030
5681,train,14305461672129485568
5682,train,10773054945844050541
5683,train,15456698880771797479
5684,train,13600263418841600738
5685,test,8193576595499178585
5686,train,17909279750813797110
5687,test,10056642923715912932
5688,train,1623330898628762327
5689,train,5373602629886292531
5690,train,4275709024744204440
5691,train,15149824865082919687
5692,train,7812325288539026555
5693,train,11157043106858543772
5694,train,11157043106858543772
5695,test,8398378284240987750
5696,train,6030079120987419915
5697,train,4422924995418054597
5698,train,1464048864987105072
5699,train,5994721586455921643
5700,train,9488151819116843998
5701,train,9894718378077367943
5702,train,6589085557929788500
5703,train,16077061344498411211
5704,train,6600419520617897295
5705,test,10304728842906379555
5706,test,11282492130144023699
5707,test,10963573367925902232
5708,train,12617902505564484811
5709,train,17274267856156877893
5710,train,5676551338778706215
5711,train,9230092513876563712
5712,train,6840185232709486214
5713,train,1277699958615171777
5714,train,3071490486597880266
5715,train,13753382512621938169
5716,train,18046241027465107258
5717,train,4717753680972755756
5718,train,6754346912410429249
5719,train,11006892640507234659
5720,train,17968587201846289042
5721,train,17576274511964300533
5722,test,15527661410212270348
5723,train,17454754673749716137
5724,train,11618197834207326554
5725,train,14893796572382157956
5726,train,17847866246708512681
5727,train,2535907660149406947
5728,train,6588068033052915334
5729,test,15750628091793884213
5730,train,16473267971818218
5731,train,8960258942819009976
5732,test,12359853625751049219
5733,train,17264149514961660127
5734,test,11862896590128877020
5735,train,8397473142787140899
5736,train,5754188083321415351
5737,train,4159643390411859568
5738,train,4159643390411859568
5739,train,10624075889543014458
5740,train,14700277158603323975
5741,train,10410127255314629526
5742,train,16837344434508671187
5743,train,6849933174812837280
5744,train,1802851627652262813
5745,train,10520794908231457108
5746,train,16270585635523256147
5747,train,17117246605593562861
5748,test,16960462636128568059
5749,test,5364098585681736223
5750,test,10132646563148741582
5751,test,10285110357723364991
5752,train,4531790896632095528
5753,train,8924431910989385238
5754,train,3783942483038660964
5755,train,4670858536097642843
5756,train,4425710641237618637
5757,train,3887119433559652690
5758,train,17581004632385821265
5759,train,1061943327910610530
5760,train,9262661653791070457
5761,train,6716926437614166895
5762,train,7535621105661274210
5763,train,10491394758141230778
5764,train,11319551014586901795
5765,train,14127383010334043872
5766,train,16914298175189591529
5767,test,5117139731483094516
5768,test,3774077030242024555
5769,test,10826073497657795905
5770,train,10391576884754639004
5771,train,12715982901742060602
5772,train,1691837468955893783
5773,test,3573698837344475784
5774,train,11530887682873951451
5775,train,16935756781241296093
5776,train,9482504687464331842
5777,train,6676543659003045166
5778,train,3451566197913830865
5779,train,13457808353233695458
5780,test,5443842412722965862
5781,train,17619890452277208293
5782,train,17619890452277208293
5783,train,10868202768070206299
5784,train,15989626773610588214
5785,train,14318584120289628764
5786,train,7045829642050041117
5787,test,8593035527021875686
5788,train,10077851745175298355
5789,test,11468639646936608350
5790,train,14879887894411186909
5791,train,4812451311041589266
5792,test,4596759010107786618
5793,train,10648144134401811626
5794,train,404593972242313402
5795,train,17558667615262584965
5796,test,9084770534230677462
5797,train,13786698994435630812
5798,train,17614805608473383762
5799,train,14705466337280855929
5800,train,9863190569676623387
5801,train,2106322640993465092
5802,test,9543139031198239471
5803,test,14358693352301418432
5804,train,8250998955406398811
5805,test,12784071284917736785
5806,train,9357800891402297548
5807,train,17023007253706015474
5808,train,15902950906366123087
5809,test,8679659851976968040
5810,test,11891086336396334961
5811,train,13959074361204682488
5812,train,6974314982448261839
5813,train,4061939916362006209
5814,train,9073659431286147815
5815,test,6242438253030296407
5816,train,142444724673046150
5817,train,14205242392038724939
5818,train,5747994898131269524
5819,train,11882438510684070258
5820,train,15750137169142533984
5821,test,14351598981460112115
5822,train,16872827514538944309
5823,train,14289767162124551014
5824,train,9648987377709102057
5825,train,10554827540213637242
5826,train,4210981482109885233
5827,train,425422124007795623
5828,train,14342535772912391690
5829,train,1479062583226324605
5830,train,10385558208948450496
5831,train,11595555436567064731
5832,train,17481131109616365566
5833,train,16697988888356148095
5834,test,17118582159857698360
5835,train,6449775366440919110
5836,train,14647834169790736707
5837,train,4584547592623401725
5838,train,18429718423811903524
5839,test,3447159569442661015
5840,train,6698188338058377216
5841,train,13182020186730636574
5842,train,1959148709514153505
5843,train,15055630747029229677
5844,test,4840089246592353994
5845,train,4090995171242756345
5846,train,9621685265430346409
5847,train,15992364228667061178
5848,train,15992364228667061178
5849,train,14419601837669149612
5850,train,9481964923187453593
5851,train,18008968869043861729
5852,train,17480398611365623660
5853,train,18274727356557208259
5854,train,3317141136390360322
5855,train,13924213708792718747
5856,train,18126898319299716092
5857,train,8306086679037633599
5858,train,17042800317686246391
5859,train,3001466608585845399
5860,train,6253496935849630375
5861,train,17535801823647622292
5862,train,2690952244893212903
5863,train,8295387604493697889
5864,train,9108508642062075027
5865,train,1178392711670121784
5866,train,11791389536582703630
5867,train,4019283921730968725
5868,train,3948161926658933250
5869,train,4461765690692964017
5870,train,14496813990344095194
5871,train,9433821281090547148
5872,train,4327881263601215681
5873,train,18381299817925057194
5874,train,1977187657542663735
5875,train,9890420403521253352
5876,train,14874597688623796553
5877,train,1644215226668437520
5878,train,7220658564862645431
5879,train,5366723468309320409
5880,train,9455081542499134975
5881,train,13354813725821083063
5882,train,4470208607563302118
5883,train,7181744646108799907
5884,train,7561975833197276044
5885,train,2062185994269706538
5886,train,15512139728343995432
5887,test,14564508150981483779
5888,train,13298316609111739173
5889,train,3301169226200029182
5890,test,5205796363318238201
5891,train,8453120910514524106
5892,train,15384425266741647505
5893,train,7608408063061973255
5894,train,6855682931260537642
5895,test,6797255226539120178
5896,train,4964072858881294223
5897,train,4193687693556825648
5898,train,15275807857727366657
5899,test,11082692759479291096
5900,test,908600353554124303
5901,train,4128004292034943537
5902,train,8628427723150585703
5903,train,10757692322312189343
5904,train,17768962627870477918
5905,train,4613401347341448907
5906,train,17334876690592930516
5907,test,6235196480960363698
5908,train,11854853851077799696
5909,test,12509740443189716955
5910,train,4306536523179099869
5911,train,18362511136938608102
5912,train,7569562807918879441
5913,test,8206494689749365218
5914,train,5850145914866843017
5915,train,4007336443665594367
5916,train,3458563242639098978
5917,train,14003296422309164877
5918,train,13434791230325124940
5919,train,1890201979739693843
5920,train,9161378487626433142
5921,train,2986640243186477435
5922,train,602152627178054708
5923,train,3507750589666865742
5924,train,13760569681193384275
5925,train,3666638347058653133
5926,train,11829579748865078756
5927,train,3800492437964052191
5928,train,10263735153026879208
5929,train,180898501463294494
5930,train,3184433522715656437
5931,train,13083131460529669949
5932,train,14798065759150759858
5933,train,15861551912418061409
5934,train,3439658649384099877
5935,train,364250430423914534
5936,train,364250430423914534
5937,train,11549104240386218184
5938,train,9737410335794005397
5939,train,8506319633636566918
5940,test,10123233230935817167
5941,train,6467871831805623336
5942,train,7543074818056440061
5943,train,14463503674754666296
5944,test,12048541057061551975
5945,train,5413186838386961900
5946,train,8179915737021972780
5947,test,9364755927233055332
5948,train,7930248652151588948
5949,train,3470911005677815191
5950,train,10578843023890368536
5951,train,13535280341856740614
5952,train,3704826744275680004
5953,train,5121851299821648451
5954,train,16940192976656156005
5955,train,10339871926211584278
5956,train,11923301309677375801
5957,train,9202759547178990218
5958,test,9347013837410167637
5959,train,17796401475014257099
5960,train,16656309219938056022
5961,train,6567191003012970665
5962,train,4809158161589570668
5963,train,3408921163570740411
5964,test,11461920134092577402
5965,train,1254160662210866699
5966,train,1151665010762694068
5967,train,9847192131987506943
5968,train,3324932674491992047
5969,test,2349805065237928663
5970,train,15003998877345904551
5971,train,16577218849546734612
5972,test,11368907834844993647
5973,train,2766098260686345001
5974,test,2952777490909323563
5975,train,13590119344445057904
5976,test,15143107050173387398
5977,test,14261416288060745493
5978,train,2516084735903558202
5979,train,17266035231027215913
5980,train,6470463039536963076
5981,train,15978334466353328505
5982,train,10603173828868991902
5983,train,11280700940007910423
5984,train,6509645993721002136
5985,train,11299131036083768189
5986,train,17307551879300681144
5987,train,2755484801550712383
5988,train,16810716668121790997
5989,test,15080971626092987952
5990,train,8600930833055215646
5991,train,13591651850033534327
5992,train,2080478224439478532
5993,train,13134032109093447283
5994,train,8577474749652163581
5995,train,9519889530195138622
5996,train,5063023226444304142
5997,train,16762179761467205993
5998,test,9691845965603429114
5999,train,410355600741493870
6000,train,15686410650210049589
6001,train,15686410650210049589
6002,test,1209666440565213355
6003,test,1072945704352329086
6004,train,7252814052790038162
6005,test,1077073851423634883
6006,train,1493144935928819328
6007,train,6412251181053285937
6008,test,17613615669598456244
6009,train,2149850473245195451
6010,train,13162018546829575417
6011,train,16577483068827754292
6012,train,14705453374865868050
6013,test,8869942524888382967
6014,train,7500080652166169824
6015,test,11289105859948839083
6016,train,15689048442592293085
6017,train,455808091312082194
6018,test,1435643441820500734
6019,train,4161064304374786977
6020,train,1839581863361559666
6021,train,5137802553047474022
6022,train,11743295219841811861
6023,train,11743295219841811861
6024,train,16850195917724834827
6025,train,12363676168574380950
6026,train,7939067392456683029
6027,train,8821493696965031936
6028,train,3247457542258250611
6029,train,16061353108868534686
6030,train,2882281106623661655
6031,train,15324969398850355260
6032,train,156321754638627371
6033,train,9006789025099470775
6034,train,11583395877533141011
6035,train,5827060390765677603
6036,train,5348409431512709016
6037,test,8003609398775881947
6038,train,743699335573666709
6039,train,10602315649570265975
6040,train,11427481042259747832
6041,train,8641260016190098590
6042,train,9246669381507336513
6043,train,7246670151224343746
6044,train,10320942941604643825
6045,test,15993487180964258146
6046,train,4697006694557927252
6047,train,16003542056832944057
6048,train,10030899435538498616
6049,test,2368815042962858993
6050,train,4809022971444114774
6051,train,15875411995725237191
6052,train,9911983277026603354
6053,train,680491026079736793
6054,train,2109237795796154431
6055,test,7222203213810300850
6056,train,14236695706022619320
6057,test,5779446863511361557
6058,train,3477597795995968974
6059,train,13551553373764601673
6060,train,11006312365970522235
6061,test,17716784809846489904
6062,test,7868600015104648908
6063,train,11350688296215301311
6064,train,1397116160420268688
6065,train,12339392186792699188
6066,test,7047182039346901059
6067,test,7047182039346901059
6068,test,13289221722977533497
6069,train,14319333822492765924
6070,train,15813136019319195718
6071,train,8054527423168225363
6072,train,1546021621783315100
6073,train,9679970397767067285
6074,test,2420503889140194284
6075,test,7058864920198337723
6076,train,18132941461404259213
6077,train,2383486046372393944
6078,train,5223164946623657158
6079,train,13601479380481943571
6080,train,4522676067475436220
6081,train,5131648553794315311
6082,train,3197452889950482201
6083,train,5394505919097838226
6084,train,9214331599091970754
6085,train,15842005806688989477
6086,train,14592292256829906590
6087,train,17546586634505529870
6088,train,15914854639712495237
6089,train,15914854639712495237
6090,train,7807182439749873915
6091,train,7431107714163650206
6092,train,10568744427076865645
6093,train,17250542393676495660
6094,train,5876863780528238991
6095,train,4013213264774111038
6096,train,17471359885735762435
6097,train,16353493190795336280
6098,test,15366079519500515503
6099,test,14509613397409661499
6100,train,6298803586312703095
6101,train,13839986751086468327
6102,train,13262798932396214820
6103,test,5336047859001232499
6104,test,9832448639914618605
6105,train,2428777933602217847
6106,train,10666179319266525628
6107,train,283962766456831450
6108,test,15015645726001830245
6109,test,6131616157315587718
6110,train,6528166770572113293
6111,test,3892469729303361890
6112,train,3936884717724294996
6113,train,3049712583138526129
6114,train,17803614012983100767
6115,train,16694354851944875630
6116,train,17211179658726381385
6117,train,5319415874211046568
6118,train,6276041040528721029
6119,test,636966464534884354
6120,test,13744336439306825425
6121,train,16633255312390703461
6122,test,4552031340543450201
6123,train,6174166831632974185
6124,train,3976087507065658662
6125,train,6800071155433640549
6126,train,17646402710403001055
6127,train,14905129487695516361
6128,test,7841971971038576214
6129,train,9574897324690895916
6130,train,14992271521781810599
6131,train,12435029983921259512
6132,train,16780868960069509031
6133,train,15409804582807746132
6134,train,8443484332230447134
6135,train,10156270801402974123
6136,test,522089303687081142
6137,train,17923325315913379247
6138,train,18350473521723494056
6139,train,1871565494684119733
6140,train,12313244334789481712
6141,train,4410732898371162247
6142,train,5002813996854149407
6143,test,9700042882740891292
6144,test,13812680304176711972
6145,train,1872596331890407364
6146,test,11099600704305843828
6147,train,12046447452843780231
6148,train,4063578619440551727
6149,train,2154318981517254629
6150,train,16752201069976293511
6151,train,18053218635727058383
6152,train,11361867800630588834
6153,train,1948766108294477027
6154,train,3655733940697010205
6155,train,16414577523421773128
6156,train,711794140364041270
6157,train,14584064949304815559
6158,train,4294958519893913004
6159,train,1431081697502024435
6160,train,8703819502768720109
6161,test,18070167786982444870
6162,test,10724563374630007278
6163,train,13014868920315599849
6164,train,3610359880144013434
6165,train,6766280289349506366
6166,train,8270809775841326709
6167,train,8270809775841326709
6168,train,7634691887592055019
6169,train,14570150404780812974
6170,train,16744362943108120664
6171,train,11669399247156212237
6172,train,9112776318710490242
6173,train,17547517994187823983
6174,train,11698611091450535638
6175,test,7426614405826657849
6176,train,4406999487027821346
6177,train,4251626163731923582
6178,test,617902268919750682
6179,train,16688306922965212458
6180,train,5489688311755144853
6181,train,4901880288636478418
6182,train,10790876613659459800
6183,train,7873127650076588438
6184,train,14314298764515560957
6185,train,8418724838563288791
6186,train,10953842718218591508
6187,test,15832979171322290035
6188,train,2230413292314820652
6189,test,6726871551957779019
6190,test,9443019358137867841
6191,train,8173953437738812628
6192,train,3966846097190196458
6193,train,1298410107818042187
6194,train,12105127919732435932
6195,test,18000764591153743409
6196,train,11372063935561304932
6197,train,6696537664889327851
6198,train,3642014757181034000
6199,train,14162466570558494472
6200,train,9187559969252049976
6201,train,18120396581782263336
6202,train,6575682403887086627
6203,train,7020526256249818060
6204,train,4676805857795255658
6205,train,17819447979798110432
6206,train,4447374039024811199
6207,test,6948612034076971609
6208,train,7458246512659318714
6209,train,10851100450204900789
6210,train,18010199570624057006
6211,train,15329142590225555729
6212,train,10457158036799794567
6213,train,2734129119728955826
6214,train,15056646471957893693
6215,train,11103619830838028288
6216,test,1990738723071094119
6217,train,5557309229846364934
6218,train,12760385794795677799
6219,test,14299826693703064704
6220,train,14658122344190913846
6221,train,4319040952717329576
6222,train,5279099363787736040
6223,train,11748602932720740209
6224,train,2997994361592188860
6225,test,9456968134650547459
6226,test,423308188808153789
6227,test,13503172261263154383
6228,train,15328246422733150276
6229,test,11723445682046562026
6230,train,16081990070462927697
6231,train,13945867608492975374
6232,train,12217615510920445781
6233,train,3584574153115495494
6234,train,2238048099348841704
6235,train,3568896980694246597
6236,test,6646606739977640421
6237,train,6370874963586467452
6238,test,32215655570330347
6239,train,1226381838081920630
6240,train,5272485303521428851
6241,train,16047920242547501572
6242,train,1347579322493083758
6243,train,14271372392165141483
6244,train,13696696914357426021
6245,test,9142027374671269476
6246,train,2404568141264032383
6247,train,9275226305859845760
6248,train,6930507862560700958
6249,train,703170065251308549
6250,train,15652486665209633693
6251,train,14631796613351806794
6252,train,15035305278591390841
6253,test,15621126459211213845
6254,train,7332003917152898430
6255,train,7332003917152898430
6256,test,9098696941792792608
6257,train,12372032358868274053
6258,train,7277068636557411590
6259,train,15959302203539464623
6260,train,9120632855700863188
6261,test,6898072991440137549
6262,train,5675381679921623592
6263,test,11060644415042446283
6264,train,15368110825818516748
6265,train,14645064687157854248
6266,train,16452773859114583204
6267,train,12371091074024977012
6268,train,237910640275859863
6269,train,8341268010034431384
6270,train,7959361820559291014
6271,train,719566151106700596
6272,train,2490239213173817063
6273,train,7654499112744342409
6274,train,10950946828991732374
6275,train,902647081005544925
6276,train,8360996740619466454
6277,train,8711926907399266329
6278,train,11394427784468711055
6279,train,3446019837070646418
6280,train,8006004667898139119
6281,train,18359588035777016170
6282,train,12154391714698277809
6283,test,17157110308949303744
6284,train,16749680133462375489
6285,train,1958580621686969618
6286,train,4873659390646717829
6287,train,1570976022498414133
6288,train,4722834818255707965
6289,train,14205336548858996941
6290,train,7763383732379357746
6291,train,15857699486060849205
6292,test,2732138746873741679
6293,test,17252412336004669169
6294,train,13937576338373162542
6295,train,1991492523236233612
6296,train,15280430678715092635
6297,train,10803470536111485904
6298,train,13043276226646239103
6299,train,7978631914743680352
6300,train,10404438771980278570
6301,train,9363932167706301399
6302,train,5965389475396771360
6303,train,16573987134935059597
6304,train,15460644466430628862
6305,train,8789183434388954863
6306,train,13667615423071141646
6307,train,13720731184174095605
6308,test,3639416765204789159
6309,train,9247573556033289882
6310,train,12847861279683368608
6311,train,3287348763870859021
6312,train,12600472377529016022
6313,train,2179201712843133841
6314,train,927020096597002515
6315,train,16453751193479523508
6316,train,14368420147012681732
6317,train,5254137964855355143
6318,train,5157430832523926680
6319,train,17232073138980966360
6320,test,15906257835010846367
6321,test,15906257835010846367
6322,train,16648993449409475733
6323,test,4896134218064320232
6324,train,5543773097120524012
6325,test,14279113921747332581
6326,train,2916800779795993994
6327,train,1751319629270605243
6328,train,8552346370188882718
6329,test,2235034227003547805
6330,train,15881756042191040739
6331,train,9431894806306265958
6332,train,18124516484855470188
6333,train,2992049194580314793
6334,test,4810124630807447050
6335,train,16200396556492232917
6336,test,3058555762903527759
6337,train,11470913966381698396
6338,train,17251782365219733864
6339,train,2475690263862988875
6340,train,5891782529940655876
6341,train,9375667323940594088
6342,train,14268814453193749879
6343,train,14268814453193749879
6344,train,1292396175926216045
6345,train,12983099941738898776
6346,test,10276493725191685768
6347,test,2208075728819233449
6348,train,7193715260736901458
6349,train,5470157374427311343
6350,test,10597198176530305130
6351,train,16454105326262604185
6352,train,4876733730638714966
6353,test,17100717059231407902
6354,test,15440537190609770174
6355,train,12251765333868802606
6356,train,17232826005131725889
6357,train,6734956007382203394
6358,test,4196988332508688136
6359,train,6221525275099288134
6360,train,150499977302951837
6361,train,11632157923383461639
6362,test,10171637326163231256
6363,train,14241751731045323027
6364,test,13170475915102322316
6365,train,1336293187415386303
6366,train,16532709239832703669
6367,train,9977504112379924480
6368,train,6218223156938184526
6369,train,3444145499848242095
6370,train,12018003388133715240
6371,train,7413491222948587789
6372,train,8731842314262840384
6373,test,15130293513428725060
6374,train,16602359583188125920
6375,train,12822121058350895310
6376,train,13674413648807985668
6377,train,4758040239823554323
6378,train,12027463931925136109
6379,train,14225340741060080742
6380,train,5922747730629635593
6381,test,15012894260218373722
6382,train,13197937151780306197
6383,train,9008418184780636043
6384,train,7131383555114976782
6385,train,10093895236054615819
6386,train,7823841233336333866
6387,train,18284505161425383705
6388,train,10465387889476590772
6389,test,4490658794232193105
6390,train,7927704030842624274
6391,train,9699139980172019724
6392,train,13906812872727718993
6393,train,17463529273820863627
6394,train,5121151216115853938
6395,train,5566911258436447101
6396,train,17768707102606947926
6397,train,11389379295775476148
6398,train,17859150983691628731
6399,train,6157839059062989971
6400,train,8921175198245654008
6401,test,17114560278739550631
6402,train,14052558906760917619
6403,test,12132064342825809236
6404,test,12132064342825809236
6405,train,12219023415563706142
6406,train,3198923041221441667
6407,train,16848680951160869682
6408,train,2314198255694452963
6409,train,17183173931269444564
6410,train,1535560501886296889
6411,train,3016463175528247756
6412,train,7429354149013906275
6413,train,12819673881211874377
6414,train,6937866768386943371
6415,train,11441606963973544899
6416,train,3433671690167433158
6417,train,650264391497587511
6418,train,15001444697231611348
6419,test,3415444681600298930
6420,train,10526592559585744536
6421,train,12251261207480198247
6422,train,7941704076745442993
6423,train,133939911793205666
6424,train,10340644162795313501
6425,train,9290220066872713046
6426,test,1914491844648435825
6427,train,12972468904397816039
6428,train,15542484250713075746
6429,test,7645230444120543672
6430,train,10721876586682172377
6431,train,1480113160297059102
6432,train,2091775945120415487
6433,train,17077672249279534810
6434,train,18100565847950717025
6435,train,8366794546661423767
6436,train,6170661492193348658
6437,train,12846809289283857720
6438,test,14474454195358201653
6439,train,11252916703016369798
6440,train,14248345705999042033
6441,train,6354793303642644731
6442,train,15487929482521682040
6443,test,8835165014126590860
6444,test,7449753892313659751
6445,train,16734230198453552696
6446,train,15761328149812969500
6447,train,6553997788259198355
6448,train,6553997788259198355
6449,train,8075399779237628809
6450,train,9136969461188517548
6451,test,15271541296007040567
6452,train,15816977724668388226
6453,train,752086826036741021
6454,test,6030140139865064792
6455,train,12686188702404411753
6456,train,4861743715633008218
6457,train,283962185223182272
6458,train,4990610983412992381
6459,train,11337353322444923319
6460,test,396758670462550302
6461,train,2578131314307971033
6462,train,4521935688409491522
6463,test,11532087610107966928
6464,train,7828748842583010563
6465,train,6344083084131672807
6466,train,1405686739526701364
6467,train,13143680816173577595
6468,test,1000822750973326395
6469,train,5322971184690189580
6470,train,5322971184690189580
6471,train,5280937663598883030
6472,train,7833123054722563723
6473,train,18082318200233604043
6474,train,17368151535616303914
6475,train,8478401385809638245
6476,test,2854478118276727956
6477,test,5097008245630660785
6478,train,4729156571825108146
6479,train,5130391381270683084
6480,train,5970191059213799953
6481,train,11547792910215769675
6482,train,1587911496601075062
6483,train,648040692694069565
6484,train,4005688303138615930
6485,train,1886780071076133032
6486,train,6150436246659127963
6487,train,14350254436461110447
6488,train,8044554940580417388
6489,train,6289064895375394867
6490,train,3404160648901191775
6491,train,14574963506446541784
6492,train,14574963506446541784
6493,train,3649925000390668194
6494,train,9370372007225445039
6495,test,6775627576510279229
6496,train,10389875426855392448
6497,train,13560024939593719095
6498,train,5034317944845532974
6499,test,17457892761824581887
6500,train,14899278542043128640
6501,test,16761517347996013982
6502,train,6728631464150678872
6503,train,13904836916549886656
6504,train,4807005119534498673
6505,train,18101060538133681812
6506,train,9763903940612455171
6507,train,7964449091003703485
6508,train,17953081867556772455
6509,train,3023287805707960516
6510,train,3743529617221486578
6511,train,5673750783833994369
6512,train,2822812675803486094
6513,train,696906679951405269
6514,train,9723824551494552006
6515,test,16638946847028248168
6516,train,12634474552636565853
6517,test,5607738461035788755
6518,train,15734537837805522726
6519,train,14375236875552409453
6520,train,15375898358373291684
6521,train,14803877198272428669
6522,train,13107998411592478766
6523,test,7222028428561954140
6524,train,1341434745315833817
6525,train,13831782333009293395
6526,test,11726277270935511974
6527,train,5796006161430632909
6528,train,1359167056175946114
6529,train,14974507514126061336
6530,test,17528991429032925615
6531,test,1892613564198193215
6532,train,18445169829889031796
6533,train,5454460397929338939
6534,train,17754617628697565755
6535,test,16619445696871669764
6536,train,15642211626361315790
6537,train,6232579301172209291
6538,train,14892833950264293767
6539,train,9705014731100020602
6540,train,8786654691622083473
6541,test,16944528363197852352
6542,train,13307218663463861689
6543,train,9695995499124327730
6544,test,6432406929377680104
6545,train,4487011920888452237
6546,train,5816691660708106247
6547,test,5864632927319480434
6548,train,7752319520735581089
6549,test,10528940526494233886
6550,train,12821818647459292948
6551,test,10299834404406820123
6552,train,12194309506496124355
6553,train,15038142069424897216
6554,train,10540403823910020591
6555,train,14173090099659602823
6556,train,7742765785416041464
6557,train,7742765785416041464
6558,train,824748094991941570
6559,train,18114342327110564791
6560,train,7552433693575874029
6561,train,9160948138816257900
6562,test,2341390737648506755
6563,train,11155960409894361062
6564,train,9042687988112946139
6565,train,3190105023407109196
6566,train,6142415695544685503
6567,train,5058148611239320647
6568,test,2090241584301645271
6569,test,10407108957332838823
6570,train,3180934084717487636
6571,train,2393976081347200243
6572,train,15617711336803489645
6573,train,12286636209805764559
6574,train,17127589074967095800
6575,train,13908726089835769726
6576,train,1724531538828530325
6577,train,11860248912532356290
6578,train,2535544189879747569
6579,train,13238628463916751726
6580,test,6975430506954998288
6581,train,17969447255084122189
6582,train,9584895213125998330
6583,train,4896557706881917760
6584,train,912555586667044784
6585,train,3058603994752562608
6586,train,11434263858618759141
6587,train,5940837777531837755
6588,train,10270159972357478724
6589,train,10919946487852733787
6590,train,3074703915745205514
6591,train,14590369563974895087
6592,train,15722939183724144207
6593,train,8155141777131027562
6594,train,7726455061917040354
6595,train,4396707634796622642
6596,train,4461088548565783397
6597,train,50323234069650671
6598,train,3406110811502251410
6599,train,16081662161570570838
6600,train,2181222575081140308
6601,train,13265503945714246033
6602,test,7530238757711704545
6603,train,13622968126536120584
6604,train,12011922319521802174
6605,train,12838256243961369864
6606,train,14287387508273861944
6607,train,17356738322746670200
6608,train,6775626023488497073
6609,train,14413167483469161379
6610,train,11869002155036439116
6611,train,3828334860673390659
6612,train,2663145567023911442
6613,train,8935430715092806475
6614,train,10341800607966207751
6615,train,8070913108154355250
6616,train,2760358499251921238
6617,train,9366335330209299750
6618,train,6257271957257449645
6619,train,10526036066150160743
6620,train,9467120813655288086
6621,train,13462569411493533898
6622,test,10849990825457150776
6623,train,5387183943851814749
6624,train,9873754794561914477
6625,train,4911278904995045904
6626,train,7932575227362604941
6627,train,10006141980846862793
6628,train,8837691701904117188
6629,test,15670470828574644630
6630,train,5103003559100913946
6631,train,8062363499227068013
6632,train,8237305787456554799
6633,train,10702482865373829558
6634,train,12827231365235448685
6635,test,15207524585302160527
6636,train,16597076346792761182
6637,test,15094417902985402299
6638,train,9636728711187446303
6639,train,13723489891816502357
6640,train,4983285890637092240
6641,train,2125634288369036237
6642,test,17886774486095884416
6643,train,12034049634668452410
6644,test,11067634029136965313
6645,train,5488072415078156378
6646,train,10875537552719933252
6647,train,5053292758950550097
6648,train,1287312058603880467
6649,train,8785929912314845344
6650,train,9850389952403677239
6651,train,11708763996831606016
6652,train,6737562813371346276
6653,train,14652142175531684988
6654,train,1124299416297929182
6655,train,1384227350422507326
6656,train,7599297250003436047
6657,test,3721081536184733714
6658,test,1452392848137297286
6659,train,18154951217487746409
6660,train,15587995674405457498
6661,train,2990991401922106159
6662,train,13342246216224995946
6663,train,11777563015488384998
6664,train,5854808673918919576
6665,train,15939603834514126229
6666,test,15464488782971228261
6667,test,11544903661499377644
6668,train,17967389340145227185
6669,train,10688232928419867061
6670,train,15734630834399452792
6671,train,1669209922812721962
6672,test,11353649762620025390
6673,train,4286736067541073361
6674,test,2036552962740314971
6675,train,10245626962697731154
6676,train,17665008296240447703
6677,train,1151605472781989753
6678,test,4624812067936268107
6679,train,10160138881155373768
6680,test,5024915341001340202
6681,train,16637469486663154711
6682,test,4968928023530029843
6683,train,8755433413710880273
6684,train,16676030375012294540
6685,train,6465591715426279953
6686,train,428260950084407196
6687,test,14151962166251512110
6688,train,5494585255337703229
6689,test,8180604557324157366
6690,train,9932526222558022723
6691,train,8416849080390741551
6692,train,8411053198461156926
6693,test,5234934772025304412
6694,train,10260890367937493248
6695,train,15237301556142957539
6696,train,15515530155547652821
6697,train,8310233180422891936
6698,train,4001343328658454945
6699,train,3220153137056192051
6700,train,6812818977451368233
6701,train,17916014178684271898
6702,train,15910466853347497876
6703,train,11695703725116527677
6704,train,14396914017497749969
6705,train,7085442330789210991
6706,test,16120728492487764650
6707,test,10722223024680967011
6708,train,737825664339412794
6709,train,9930943574878010816
6710,train,4637753216156013703
6711,train,8952458557644434876
6712,train,13614818880171234057
6713,train,11212370697633940527
6714,train,5618093056485001951
6715,train,4937502311377530591
6716,train,8131477175172826382
6717,test,18073588114670879564
6718,train,9145157204792875115
6719,train,11767494233567960556
6720,train,4104915514317826117
6721,train,811368105429495684
6722,test,4650158002609312088
6723,test,8786238903257485477
6724,test,8259180385717524777
6725,train,7957875388700811001
6726,train,2605700271194228962
6727,train,14190633108989555288
6728,train,16695310143201555905
6729,train,11321664601803951405
6730,train,9092734461817352319
6731,train,11788503013134951090
6732,train,1362223373986247170
6733,train,12723886619836650423
6734,train,2179191513113890592
6735,train,7790064747150758196
6736,test,3636349288535774641
6737,train,14993604859861260231
6738,train,17783164163131142087
6739,train,6559665368706713664
6740,train,15740933563559414798
6741,test,6549758701547068739
6742,test,14672100364527342318
6743,train,12556574409593245148
6744,train,1603944609754587302
6745,train,11170575826734121865
6746,train,4787002139784844771
6747,train,11390397651043412758
6748,train,11571716788344159346
6749,train,14462102865210074296
6750,test,7228153701821562357
6751,train,7072961632102395744
6752,test,1548034444716866949
6753,train,14902561022170967399
6754,train,5823781362765092508
6755,train,9304246599173828523
6756,train,6251345447187261873
6757,train,8077522750396955992
6758,train,1382243437858569790
6759,train,18135256005648557589
6760,train,9783566579293527534
6761,train,8521265951462087093
6762,test,11760906266450666513
6763,train,12563035458988171245
6764,train,13456037736182480855
6765,train,13836713015408041987
6766,train,15390797705341055758
6767,test,6968164587203854215
6768,train,13500737058749427883
6769,train,15035835375425426868
6770,test,2235056640116583027
6771,train,1884828318958092514
6772,train,14127138187849173347
6773,train,10408280762462913415
6774,train,14729435597983720817
6775,train,11046319006406042484
6776,train,7184208099207644548
6777,train,1332923304962346809
6778,train,15750622518633545133
6779,test,4250820727275120675
6780,train,7959755767856887259
6781,train,4271652937994515059
6782,train,17203267022928681042
6783,train,16545330915347891736
6784,train,16433345358285406911
6785,train,6275672421730716408
6786,test,13937926506929066241
6787,train,9524456082122033064
6788,train,399247278349885852
6789,train,11316606585716737081
6790,train,17624847325133376277
6791,train,1365148499707712773
6792,train,1234973664534090526
6793,train,2206673335937038460
6794,train,5015207628496046501
6795,train,7976425878106248793
6796,train,17829052848044199563
6797,train,8918604277447622574
6798,train,1478436383356387038
6799,train,12758600653960371187
6800,train,10639016468971402153
6801,test,7100336690063591792
6802,train,7757405419890505922
6803,train,13812289807077624509
6804,train,15039791507807445782
6805,train,9313050035209881181
6806,train,15158836751968034697
6807,train,5969342740221976153
6808,train,11219342686956986447
6809,train,8451974651752912363
6810,train,8659097798335066834
6811,train,5945009904727309187
6812,train,16480425941867231491
6813,train,477267803944293468
6814,train,3560926636082028143
6815,train,1626780208496947110
6816,test,4781197511154846367
6817,train,5709238600659170051
6818,train,7295463500763065033
6819,train,3148279955156734268
6820,train,10673672951075815628
6821,train,7091587136949607777
6822,test,10394820097587850353
6823,test,10482554420928842655
6824,train,11416603974823419483
6825,train,10359834217930329391
6826,train,1039907678263436786
6827,test,4127246059146954716
6828,train,13448456305925672975
6829,train,16319256338734466748
6830,train,6822512634192042497
6831,train,4192052174653343732
6832,train,12374571123670978416
6833,test,3704359713421458869
6834,train,12398837671646312821
6835,train,11741583188595130405
6836,train,14341686413540197806
6837,train,13541140933601439760
6838,test,15169793876335804969
6839,train,2791831961344593821
6840,train,6813498356940156331
6841,test,13619608233900049022
6842,test,1233210172095636398
6843,train,3445021299153880787
6844,train,3397772140059837143
6845,train,7318318135262471565
6846,train,16290892066385040449
6847,train,3360224746177856893
6848,train,8762232974057353168
6849,train,3115816743967226418
6850,test,5165430198862606677
6851,train,8320120948193547986
6852,train,3947479313187411367
6853,train,15704316263719888978
6854,test,921990111717636918
6855,train,9708237016591638019
6856,train,14246494524049936211
6857,train,6038712470394144803
6858,train,17620477555344534260
6859,train,1184300658481137462
6860,train,2846152211536434879
6861,test,15701360498198130963
6862,test,12722527330994345449
6863,train,697779067018847100
6864,train,14321384067570108876
6865,test,460073140041539561
6866,train,13331873677131291753
6867,train,3416403847778365845
6868,train,16247142398913350816
6869,train,6724046252358130650
6870,train,1556770128896259694
6871,train,6889462867723914185
6872,train,14235860721286052603
6873,train,16786701011798525922
6874,test,16778155268857101959
6875,train,3710694449542946905
6876,train,9598943738804771091
6877,train,17330319959219953728
6878,train,6849683925850181650
6879,train,9985941495944197135
6880,test,14435212312040363443
6881,train,4837152845115472281
6882,train,9327451944562352316
6883,train,14724005297804885417
6884,train,6481874146477261646
6885,test,12379386580344590125
6886,train,2379221195102794566
6887,train,9563737305642320252
6888,test,16123945570394233165
6889,train,8389912993567352491
6890,train,4464956206308474720
6891,train,2707987102691497391
6892,train,5181584323796290176
6893,train,6438259070891252060
6894,train,7168027518511930972
6895,train,18049349408819224022
6896,train,5131121614104586514
6897,train,17218716359568217787
6898,test,14291454817699399850
6899,train,18431235506348485146
6900,train,11548319356182868969
6901,test,11849862784282709510
6902,train,4571594729695867535
6903,train,17377268126417017814
6904,test,4744463419111935466
6905,train,1228878840073881980
6906,train,5690853364265737353
6907,train,3952836650002826841
6908,test,15192790724445564196
6909,train,8342076273196137405
6910,train,1305798592623706558
6911,train,11701304144375376331
6912,train,2623641025426529427
6913,test,17892739187632672418
6914,train,12909199578949637124
6915,train,3222234496119774256
6916,train,5865647948707227735
6917,train,5874860314341114810
6918,test,14364765463103396288
6919,test,17899655720597416389
6920,train,15972704113007674626
6921,train,170514657051931058
6922,train,15893060300753449065
6923,train,9744794620555361948
6924,test,12426300843873899305
6925,train,2576817334591349261
6926,test,2452051717180197085
6927,test,5362704025884270250
6928,train,962737075010529059
6929,train,16558668845893060713
6930,train,16381783983207761381
6931,train,17301448058028005642
6932,train,5100801711289376941
6933,test,8334515273240719977
6934,train,12087314846579066249
6935,test,11997117395528031586
6936,train,18360033749120591727
6937,train,9149882193643111811
6938,train,5725152746174302422
6939,train,4610580359173601092
6940,test,8454005872877026720
6941,train,17153204777905542971
6942,train,7546803703266668525
6943,train,9704938187880281519
6944,train,8377139157460696877
6945,train,16788221941341889596
6946,train,5951701528169461393
6947,test,11173517453311024061
6948,train,16144508499094494307
6949,train,14129170380632709086
6950,test,4372810498167872851
6951,train,17599062289997098449
6952,train,3775654795188945061
6953,train,9176421387768781181
6954,train,14029555710311277950
6955,test,4290641421001616795
6956,train,14220826507486117511
6957,train,3199759478576325906
6958,train,11426371446700516352
6959,train,13432277121776849548
6960,test,7888491732202363767
6961,test,427610392620282310
6962,test,6738155779945718844
6963,train,6169378357989650617
6964,train,7651767979869468510
6965,train,1059115845647771246
6966,train,4216750561438971465
6967,train,15361289866282752808
6968,test,13956046710926610973
6969,test,13257316225086745761
6970,test,14943651603064148689
6971,train,4790654599483760618
6972,train,10794661403833445911
6973,train,14131266320876854845
6974,train,14248681240776579465
6975,test,9551213425241617573
6976,train,4411069811546665342
6977,test,14510210125278891578
6978,train,4396184667169073050
6979,train,7412646027526676225
6980,train,12372369413448603080
6981,train,13669503154225210848
6982,train,10216585147733887797
6983,train,18393186688370412855
6984,train,16113362573443389763
6985,test,3175279609699751908
6986,train,5449807321366356226
6987,train,10432425538564375304
6988,train,6309830404937140394
6989,train,7055075881811525183
6990,train,5365438077382265798
6991,train,17227982327967936574
6992,train,15480121773913846396
6993,train,3827815902395603821
6994,train,1358946230246983952
6995,train,4964642091392780358
6996,train,129614885268241046
6997,train,14637460995523348137
6998,train,1241759243812962338
6999,train,3842632856626377758
7000,train,9600457956607895486
7001,train,2925924089005303981
7002,train,6080135106083894148
7003,test,3423087000618100516
7004,train,17345095249779919089
7005,test,10262628518188592531
7006,test,5370006213029758623
7007,train,6184424096431114224
7008,test,10083340396943484654
7009,train,17013442126599331268
7010,train,15199331763563066886
7011,train,6524881536478208987
7012,train,7348464196803388818
7013,train,14413563586804797938
7014,train,6224208435465313224
7015,train,7062933786694414377
7016,test,11716602940964752468
7017,train,2683566353492384274
7018,train,10075563932508414282
7019,train,8048174726277335201
7020,train,8410914140392913952
7021,train,6826012955403377930
7022,train,9814625213776813495
7023,train,10393086797198701611
7024,train,4388845917837061449
7025,train,9428085353258158368
7026,train,7874228258600713502
7027,train,11606745143441312572
7028,train,9571953579455478088
7029,train,7808364117441348611
7030,train,4722000223646038630
7031,train,7792936785312758341
7032,train,8636884142771516713
7033,train,9551012986537994180
7034,train,6371119201019698529
7035,train,8888898975190908229
7036,train,12178943194827668406
7037,train,10190890887698759976
7038,train,14605436959653189371
7039,train,8768677239603253633
7040,train,14394567440086159581
7041,train,17555718887825122210
7042,test,18314276457816001425
7043,train,5466045848652215388
7044,train,15630152529442371996
7045,train,159887070734132317
7046,train,11494238254603823683
7047,train,259726800535521495
7048,train,3759136980410684384
7049,train,18242316187343080357
7050,train,14221252611897371175
7051,test,14298244865307473018
7052,train,16739667597263869885
7053,test,4298435790771969453
7054,train,7281363274334244446
7055,train,8945853808283127051
7056,train,17075243774992822662
7057,train,7592880392557194258
7058,test,3605284827298507938
7059,train,11817921262878622581
7060,test,7276560173480815564
7061,train,4488640984782593894
7062,train,4754381895288276730
7063,train,10648477584257438080
7064,test,4473064148609671319
7065,train,13183709654498135518
7066,train,8016923574329780726
7067,train,518778801703537259
7068,train,14048220871312171893
7069,train,1963186407059384881
7070,test,12523230793217584090
7071,test,2026560168466254275
7072,train,15349920454239174689
7073,train,7378243847656116328
7074,train,11736064376013059883
7075,train,11224436663780980027
7076,train,4239648766850825928
7077,train,1114789397301560717
7078,train,11712612790525472508
7079,train,4367542215853329692
7080,train,9234345448360143052
7081,train,777054053466713555
7082,train,3934919404207585638
7083,train,13358946832229962300
7084,train,4406998390469955668
7085,train,2730184784802039621
7086,train,6931266802261928788
7087,train,2855320889802834830
7088,train,12837151393557929771
7089,train,18432492189252375467
7090,test,2489396292349827053
7091,train,11329726918141860384
7092,train,3681562279455420538
7093,train,8764609988137396084
7094,test,1984001994264406472
7095,train,16005029302240758479
7096,train,16999235912357673506
7097,test,8859059816525124601
7098,train,4157081756642104297
7099,train,3315397937153235868
7100,train,4502908672505797841
7101,train,10259798452336235357
7102,test,3891932900756686706
7103,train,3871171673351079356
7104,train,4138994178659625083
7105,train,17548234364472599185
7106,test,619975569983720341
7107,train,6905162027431147988
7108,train,15756215395097695795
7109,train,4902439462461474250
7110,test,17559215170688769994
7111,test,16748470481069007671
7112,train,2408734203884001105
7113,test,10746441923062749293
7114,train,12832451759650283942
7115,train,4958404035362783167
7116,test,9170735280578162237
7117,train,5436013105549061228
7118,train,12958464756265156807
7119,train,8623922689365812535
7120,train,12090462444354710500
7121,train,3604362207274577609
7122,train,10718112349986765120
7123,train,9386220671817905424
7124,train,9989965082428847840
7125,train,15896591871125311231
7126,train,4672553769106826042
7127,train,16525675298801420512
7128,train,7231881701473938376
7129,train,6658415161373991344
7130,train,12199115431462268495
7131,train,636381881600233875
7132,train,13873799326685878323
7133,train,8641214237923674908
7134,train,16929936157224260209
7135,train,12392418658025671529
7136,train,132344669657609864
7137,train,12902385380896275338
7138,train,16340600310079778926
7139,train,3969565333574726757
7140,train,11823728066817862867
7141,train,12410263544840051633
7142,train,8968747279432616927
7143,train,16482839555641296146
7144,train,1395002106971900063
7145,test,16714209276737977019
7146,test,7358997788528735389
7147,train,2752688934341452640
7148,train,13179905065922407737
7149,test,10743457865261402399
7150,train,11582963738675899859
7151,train,12116550700160347845
7152,train,7033989854491253846
7153,train,9436833415224996714
7154,train,17395502671187759882
7155,test,15897941654712076809
7156,train,6903691190960942868
7157,train,17727445893608818812
7158,train,6986747821668865461
7159,test,3617452431464567043
7160,train,6586541660446446327
7161,train,17204796511201393608
7162,test,7998133658198334946
7163,test,12562961027478207572
7164,train,9100514058142555110
7165,test,12413116266915501723
7166,train,9205352536701953966
7167,test,2017336687548564274
7168,test,16007714508309466448
7169,test,15477772493444422877
7170,test,10874100899251564716
7171,train,2118592576662691118
7172,train,12780040073925935674
7173,train,11565257233862932030
7174,train,1726569304210643047
7175,train,9793935993994524773
7176,train,8513531573288464008
7177,train,12699101566574900764
7178,train,9642685973174494934
7179,train,12487169894504967615
7180,train,506340890322537825
7181,train,15993066203505834707
7182,train,5036901610956332375
7183,train,12350811176689234604
7184,train,10042318174992918137
7185,test,9442608216441666554
7186,train,1286897826642291358
7187,test,2807011936173908715
7188,train,12300967581118614918
7189,test,567288482393442754
7190,train,575661399090352297
7191,train,9315536204333150783
7192,test,17081701839021972044
7193,train,13511666982642715782
7194,train,9678037473387929482
7195,train,4716904170994906147
7196,train,15743696374153441236
7197,train,7489354610818023648
7198,train,11730195959457396928
7199,train,15253442703448518487
7200,train,15163038049850061262
7201,train,1316163968020890334
7202,test,6165673806268913819
7203,train,17888604430475846173
7204,train,2103728183125059417
7205,train,1942774886608918026
7206,train,6166116543765748800
7207,train,17282804233698652302
7208,train,11155180468458417416
7209,train,10739945882834159365
7210,test,16910965437969602308
7211,train,6544283342965986948
7212,train,17095313314011714978
7213,train,22811080927599891
7214,train,16777671793044666190
7215,train,10739266868670838404
7216,train,9317414468368194044
7217,train,6512757941304054780
7218,train,8997508430066135883
7219,train,17260418633425114775
7220,train,1499203201657823927
7221,train,3154366437861092864
7222,test,13166987637189943205
7223,train,2982327298405421885
7224,train,16584503366121244228
7225,train,7152464078397587822
7226,train,15677289884633168538
7227,test,10176085878600175809
7228,train,10425119017828045111
7229,train,17878428814907117797
7230,train,16308343987760412995
7231,train,13393855659783010534
7232,train,5433184834814426635
7233,train,17596230147804969447
7234,train,11529679102125107913
7235,train,18184179255460998156
7236,train,9006768638553689613
7237,train,17470775324768341355
7238,test,14098803780264780751
7239,test,15314998659118803199
7240,train,11673918303090550460
7241,train,6373593939913009208
7242,train,4821853783052787608
7243,train,9843767108238133151
7244,test,422607538623361594
7245,train,17720397109345082470
7246,train,13908472617771562675
7247,train,16436945470749053989
7248,train,13588305823086022433
7249,train,17752264332456004374
7250,train,14791017994729763204
7251,train,13939795432769459322
7252,train,8849671638896236484
7253,train,14407170833232345901
7254,train,3547886778994609704
7255,train,9592044801173304876
7256,test,7385472442240272622
7257,train,7830482136230245739
7258,train,9204390474132489686
7259,test,16545360040715462952
7260,train,12281754062852321028
7261,train,5380903965303013147
7262,train,7500791040260346172
7263,train,18427571128876924801
7264,train,5940793598362679689
7265,train,13301097852561956288
7266,train,7779500735980055074
7267,train,3085440392953823054
7268,train,13377091758257513021
7269,train,598088099805723768
7270,train,4061807353411416926
7271,train,17359219841884524515
7272,test,16433349427737535904
7273,train,15326751469211915856
7274,train,10336566872647905343
7275,train,15888372431300726362
7276,train,4620788413433957511
7277,train,8955378979362289395
7278,test,455376964348707715
7279,train,11413891243686703688
7280,train,9889308292812078425
7281,train,11955600545838054407
7282,train,6473166204144511339
7283,train,1656166994923489793
7284,train,7079138535215968450
7285,train,2035968374591061543
7286,train,16921244938760555307
7287,train,12802153414263630846
7288,test,5661730271422402228
7289,train,15702487349444821320
7290,train,8912038684693372651
7291,train,1813121190364593106
7292,test,10504427853924879640
7293,train,3359265861735150061
7294,train,5402454732203260458
7295,train,8881493538736370458
7296,train,12237805771940996853
7297,train,8819774237954375516
7298,test,93473945218858425
7299,train,10810489051165268685
7300,test,8945084049198759197
7301,test,4194579543498361622
7302,train,4998935239059089403
7303,train,12687299548623746233
7304,test,16608353212020361685
7305,train,9752828540591850742
7306,train,13917084130730369411
7307,train,4509718967508890277
7308,train,17343785224097406788
7309,train,16915932206115937084
7310,train,8405923455624546926
7311,train,5441743227742031967
7312,test,17546528940126492729
7313,train,5428831939944384363
7314,test,2593382816506105911
7315,train,6597341552399195808
7316,train,14494155559620705969
7317,train,12767373865237651126
7318,train,1394265808420559870
7319,train,6747957121743541091
7320,train,6514420997458303706
7321,train,3842974361025278714
7322,train,5624314053776892193
7323,train,11670644768498704379
7324,test,16938512129392237932
7325,train,8619159264301739738
7326,train,1547116538643519138
7327,train,5552418338121776527
7328,train,7688350748280433016
7329,train,16227145834979991508
7330,train,7321323041150111860
7331,test,1306744780296263251
7332,train,13665047110778516326
7333,train,16088817129452899558
7334,train,16033643036977177015
7335,train,11032312681953059605
7336,test,15633675946326378145
7337,test,2036574701817868994
7338,train,14032392977126587860
7339,train,16718062048777978150
7340,train,310877454297919536
7341,train,12597106970712928973
7342,train,14632555260971427112
7343,train,16184901501111769612
7344,train,5109066683198627242
7345,train,6258090644006581535
7346,test,16350382700574322774
7347,train,3349043668034421512
7348,test,14455157531260954612
7349,train,3851527007839341405
7350,test,15762088044528910854
7351,test,11354978824061290075
7352,test,5536877862012953659
7353,train,9281082082970024082
7354,train,520486017792919876
7355,test,7192936689570137048
7356,train,7333789417959133407
7357,test,3430916707124852226
7358,train,15598626022892325992
7359,train,14473047665086852253
7360,test,14582794710130974170
7361,train,17653653576308518474
7362,train,13281971435883990441
7363,train,10895524549094580492
7364,train,11149846846314401641
7365,test,255767987278353469
7366,train,5114099171663475277
7367,train,2570913254713654986
7368,train,16115742940362503115
7369,train,6272793490259386217
7370,train,14670388719045031653
7371,train,12355400559470010580
7372,train,7591217678194929323
7373,train,10192657225106600142
7374,test,9917455359702612682
7375,train,9802944689612168119
7376,test,3600972394646847689
7377,test,8284350752901182573
7378,train,3905222044621371714
7379,train,13435316734951046323
7380,train,6115358586890791229
7381,train,5879266316259027224
7382,train,5997665464774515035
7383,test,12147318272119184779
7384,train,15798961320035179672
7385,train,580764626243007521
7386,train,15739664743188977732
7387,test,5903820226838836584
7388,test,16625973477275428152
7389,train,8975874783565850943
7390,train,12296465646557186618
7391,train,2245011579968420068
7392,test,8686436112357325120
7393,train,16744773266933831242
7394,train,10261282763887872425
7395,train,8348164360410421645
7396,train,6127916353357047917
7397,train,11618808238805142022
7398,train,613752016800146555
7399,train,12048804293355348059
7400,train,18339724792300468370
7401,train,12436210652165499412
7402,train,6279610885800304312
7403,train,2350186612632624943
7404,train,13904761231771069741
7405,train,13327489019417807675
7406,train,16403267872348044537
7407,train,2725207925729484300
7408,train,6695575413042579385
7409,train,1438047234537768653
7410,train,18441902431793018903
7411,train,13758536481576296218
7412,train,3293840533986891755
7413,train,9029752875677721497
7414,test,17038988138528219957
7415,train,5599340556631275389
7416,train,17255980059298618008
7417,test,17065488723247026078
7418,test,4843597621177647135
7419,test,11300615772708068215
7420,test,5113312848752563317
7421,train,11624071824908224452
7422,train,15448714701174132866
7423,train,127319851789085264
7424,test,1834205495205122300
7425,train,5468958909478931323
7426,train,8839245057630488794
7427,train,11869137886389650045
7428,train,14326459033502491045
7429,train,16796978299073809352
7430,train,3303225320540975897
7431,test,115842118843169201
7432,train,495119045847715690
7433,train,4598167592981608144
7434,train,3736667300817338951
7435,train,12147484835316189593
7436,train,13202959430002845081
7437,test,5032343492652362994
7438,test,3201566518299193557
7439,train,13631802288267176689
7440,train,2987053126018244369
7441,train,9647832875446090010
7442,train,14079554489539872963
7443,train,10210586427193332567
7444,train,2324003125995844942
7445,train,4195995786301019168
7446,train,10203905418328935708
7447,test,16125754653345907151
7448,train,2040108908859253397
7449,train,2507967655078049283
7450,test,14625757525353993841
7451,train,14023175617946624328
7452,train,11639632323774337801
7453,train,11955628096470327217
7454,train,13918501209499953031
7455,test,11360922945225663910
7456,train,18362541140528616999
7457,train,7439940819910209737
7458,train,14743202845033128681
7459,train,1022491358616737012
7460,train,4199268262537389859
7461,train,17835288778026280231
7462,test,15862909751772331591
7463,train,9018128915402092456
7464,train,3915149667606682577
7465,train,5843387091857009969
7466,train,4725556180118940292
7467,test,9011813598236576562
7468,train,9927777879476816886
7469,train,6199396868515665669
7470,train,10127796899612867311
7471,train,4677863196159958545
7472,train,9347051250622116639
7473,train,10190752177784658298
7474,train,17829878763762487435
7475,train,1462956516008818531
7476,train,6831610753685824253
7477,train,3599676585807834140
7478,train,3223762454336644609
7479,test,5017251022428242411
7480,test,17164774686099778043
7481,train,8966774086414445760
7482,test,5678793051592271729
7483,test,5435306408730109639
7484,train,9203683770681707018
7485,train,6279683691778420698
7486,train,5287956608190092728
7487,train,8304698136440672709
7488,test,3835368013301970315
7489,train,14630810138648873457
7490,train,7368238865869761021
7491,train,3924287359351676598
7492,test,1120302045224671459
7493,test,11761756478721085060
7494,train,7691571793966206052
7495,train,13366330825741663625
7496,train,731500334715757708
7497,train,16498803923314506528
7498,test,11913443138278218003
7499,train,15544910524228856393
7500,train,16866593754798111050
7501,train,7382507096947266796
7502,train,11490415792343387560
7503,train,13026212820068321689
7504,train,10520643359039771502
7505,train,6217616768688915866
7506,train,4234419401387700602
7507,train,11754449511594459425
7508,train,12323119338750113848
7509,train,5955374143130600204
7510,train,11599974720908874565
7511,train,14296034735630318123
7512,train,15343723181615174919
7513,test,8908624360108781924
7514,test,10790830853333123934
7515,train,15978920573878284408
7516,train,13175989275028173930
7517,train,566546814014880003
7518,train,12125298732988369794
7519,train,2881944425412032730
7520,train,3887353449177739276
7521,train,15372151174225373197
7522,train,12214781595889781052
7523,train,18163067255898658562
7524,train,4873182130724469154
7525,train,16517373267928471243
7526,train,5360606839978347110
7527,train,6613657055805515108
7528,train,3396729850734125885
7529,train,7308056868388765593
7530,train,5303029781435105795
7531,train,3025188366691641350
7532,train,12378286534824613840
7533,train,13753276154344431322
7534,train,4775636654895474590
7535,train,10877435775005349921
7536,train,8367923127257688360
7537,train,7679300684577780900
7538,train,8452549096749005806
7539,train,7090439238976479815
7540,train,15558510360985845740
7541,train,17248045798297078236
7542,train,13589469528132757559
7543,test,1041614733879162491
7544,train,12719820658651534055
7545,train,9793609776192529202
7546,train,13716310075147684211
7547,train,5273051991137426251
7548,train,10686215885018398875
7549,test,8555735251389533368
7550,train,5943325801741614270
7551,train,3358487825407178921
7552,train,4018427287070819955
7553,train,9360407440922487715
7554,train,366097435899359854
7555,test,6227385604301214285
7556,train,6873441456097407953
7557,train,18333022103227113129
7558,train,9334911182436241519
7559,test,10058496249874437883
7560,test,13246522213615857925
7561,train,10683931593566755150
7562,train,16498024842277463999
7563,train,5090157343814195847
7564,train,1986514042822802282
7565,train,668413728724075624
7566,train,7179679192402278540
7567,test,731186497092441843
7568,train,10645693532503906722
7569,test,8374802452789330972
7570,test,4116782763472373581
7571,train,11275683697799776714
7572,train,13644270438038361978
7573,train,13113849462573965149
7574,test,10851071336444366240
7575,train,11035787262438438969
7576,test,10027054063381525049
7577,train,10024539981853141513
7578,train,3568010025055268146
7579,train,16936790769767177239
7580,train,10420054177516136249
7581,train,9939440893346384497
7582,train,4154781342555236798
7583,train,16564367779683064349
7584,train,1913124662657541192
7585,test,14036988212411405976
7586,train,8076593730897130097
7587,train,7763474688355580703
7588,test,11034430163950263163
7589,train,16755013558822701172
7590,train,11049754709062628490
7591,train,12427593877432398471
7592,train,10624635248086145842
7593,train,1719204644895358870
7594,test,4191979281422569414
7595,test,4816135088742394537
7596,train,9640901500156473544
7597,train,5407894776350669874
7598,train,3729275345791265854
7599,train,12680474094550178226
7600,test,15802258531892903993
7601,train,14642418122073572909
7602,train,4001708399088818637
7603,train,12826186186963893510
7604,train,5055120920889887543
7605,train,16044262142472159079
7606,test,11928083501242568386
7607,train,2862932248551912728
7608,train,17283262365037309356
7609,train,12470517328904957483
7610,test,9485318163588072021
7611,train,16069654751567082999
7612,train,2410508834612677381
7613,test,8906830717298331552
7614,train,11763625972174145921
7615,train,2786190751986196361
7616,train,12968113473177309699
7617,train,2416941962146566778
7618,train,12482490688447177463
7619,train,7328441018379152001
7620,train,17768117846745068449
7621,train,10772536716889365906
7622,train,326321521196945993
7623,train,1641904515917897540
7624,train,8221294498369673804
7625,test,14819437553004339581
7626,train,10520551608855546635
7627,train,5735072787359684551
7628,train,584640228379205808
7629,train,11730061443767484773
7630,train,10966451571571954039
7631,train,4973950943663257258
7632,train,16114951633547403133
7633,train,16283045536746392662
7634,train,10784334664830655779
7635,train,5605157096209621806
7636,train,6058084157514941834
7637,train,11190168598818600634
7638,train,7529474679532188069
7639,train,13675528401261430908
7640,train,715628835454124782
7641,train,3147938566873638685
7642,train,4509690310659240438
7643,train,8770050125273719975
7644,train,12996310065642851859
7645,train,17482722597788130002
7646,train,4472249409712922876
7647,train,12585597492112458160
7648,test,2167822081386811003
7649,train,16975838220398951742
7650,train,16106409149742317760
7651,train,14482941468287975025
7652,test,10791470900878452566
7653,train,2141292846464449862
7654,train,352835936787094389
7655,train,16472673967192550724
7656,train,17747049346494565197
7657,train,15202916998191576117
7658,train,5583771681812113477
7659,train,18100017233028870154
7660,train,9851586461009346211
7661,train,13778521212235211085
7662,train,7267060276764488989
7663,train,12728363394633030079
7664,train,14220121726099992070
7665,train,17449915843143402352
7666,test,6366347258805896205
7667,test,15565700995892162817
7668,train,7652303088519501863
7669,train,1105657418442526622
7670,train,17532846662465399676
7671,train,572759837300507058
7672,test,14492734679712727174
7673,train,11260672409303568001
7674,train,4321483797731934340
7675,test,5280262679094840379
7676,train,10050004434983404095
7677,test,8153183858306699770
7678,train,3099074365236481023
7679,train,2817223312607149155
7680,test,3023184853446164180
7681,train,11964241410706097518
7682,train,487066468206524689
7683,train,9716297337843538975
7684,train,7306183250595724795
7685,train,17851924898711424910
7686,train,16543782673381357213
7687,train,830692929430271952
7688,train,13577339722391729740
7689,test,8817531306573361393
7690,train,15276668264741111275
7691,train,10546806054235340743
7692,train,2436236757792239852
7693,train,7828976886708793405
7694,train,14997900053378311479
7695,train,4370918514103997730
7696,train,6102264770682020709
7697,train,7712736875739310261
7698,train,4961374576499073282
7699,train,9437901909060304515
7700,train,11906689373819105830
7701,train,34396762020587434
7702,train,13291509127111874010
7703,train,13849964914234317177
7704,train,12650902592270584956
7705,train,10559275086271524326
7706,train,10065218149046196834
7707,train,13753492237551828838
7708,train,3584554932991411403
7709,train,8557357704932896381
7710,train,11829511196524046068
7711,train,2502992365351680272
7712,train,7035816696597345982
7713,train,8353274029628973915
7714,train,4241280833260863305
7715,train,3652294820343060303
7716,train,270923385933038003
7717,test,5082971066413951144
7718,train,13484106047468143521
7719,test,7853174815578118022
7720,train,2402736635930262674
7721,train,12409478184304128135
7722,train,7375215628573326166
7723,train,14228831499309827782
7724,test,14197394265519484177
7725,train,5208360309570087523
7726,train,12895797982180706368
7727,test,14832847933310552470
7728,test,4472104879576719022
7729,train,16443906275204987893
7730,train,4456635849405808934
7731,test,15446322540892400591
7732,train,5736674561969078279
7733,test,4875664178215417946
7734,train,3529183430578261488
7735,train,13871975342088144652
7736,train,2861620467625893515
7737,train,1835805262521429898
7738,train,7850608094664525180
7739,train,1099706476156029909
7740,train,16749709047992650962
7741,train,13055342861313031586
7742,test,1883622556958873005
7743,train,7553307121842532648
7744,train,16209453395436156905
7745,train,859300071660941409
7746,train,13814304387497656017
7747,train,13682731080941129634
7748,train,1871920304115560343
7749,train,16543804359736828169
7750,train,4603507694695766649
7751,train,17939427871989184242
7752,train,10240328468656411897
7753,train,18211370423218657792
7754,test,4881659690251494108
7755,train,8261310108623603485
7756,train,16791999345240669547
7757,train,15717224843497330583
7758,test,7610535330997388220
7759,test,7576216290850216849
7760,train,7692490029524927879
7761,train,6307673233348401118
7762,train,5512368319733225913
7763,train,5218998549314300169
7764,train,11858272082843769234
7765,train,6774133657644992867
7766,test,4140798773447627858
7767,train,12560638904840983946
7768,train,15635671721937746938
7769,train,5122308691650896197
7770,train,16780404990836466956
7771,train,2456602688227234898
7772,test,14892720419477770786
7773,train,15495280815654236899
7774,train,8428936499049322894
7775,train,10889784499819911572
7776,train,12321753893341403757
7777,test,9613020241456109121
7778,train,424370416187637259
7779,train,18421737142929555838
7780,train,9247667102785170200
7781,train,3712933781006749722
7782,train,13326769361854637382
7783,train,3017047915850307401
7784,train,9595609035040251584
7785,train,837066557072907643
7786,train,14038004406761115743
7787,test,15669862511285447554
7788,train,8627144252462337811
7789,train,10122639779531414699
7790,test,6634237633507593744
7791,train,648418829840044854
7792,train,17309185733655576145
7793,train,16104030077620378323
7794,test,5010384933556518435
7795,train,6321471458926177117
7796,test,8987795585151471654
7797,train,11848374495008360319
7798,test,18312876463639847999
7799,train,17211371129635814962
7800,train,18363712101279735408
7801,train,17834721725439364740
7802,train,3563358915553176563
7803,test,10557623644857687668
7804,test,13757040436906020965
7805,test,3718977209103768866
7806,train,8847587745015638514
7807,train,5778970838265663213
7808,train,15850777978812335928
7809,train,12909851868989148689
7810,train,13358687734160202289
7811,train,3939593892125049249
7812,train,113192780847438794
7813,test,6750404104301139151
7814,train,10653406259442896305
7815,train,15464872242379764153
7816,train,5089346689875728366
7817,train,11220265626857880619
7818,train,13098371263206481565
7819,test,17601691797701082364
7820,train,1228272337687814688
7821,train,2147800912344866390
7822,train,16793346462551337659
7823,test,3090854405682778209
7824,train,12001711029546280375
7825,train,13269712086307981059
7826,train,16782919166181194312
7827,train,14197991226878553449
7828,train,16432611071718160542
7829,test,14344653119519846706
7830,train,12170088571685965375
7831,test,17565303283353701870
7832,test,13483290627459511486
7833,test,4425557018866606233
7834,train,7692717207100398387
7835,train,12105453761976317776
7836,train,2845987797109616686
7837,train,12760803053822343062
7838,train,9176421387768781181
7839,train,14029555710311277950
7840,test,4290641421001616795
7841,train,14220826507486117511
7842,train,3199759478576325906
7843,train,11426371446700516352
7844,train,13432277121776849548
7845,test,7888491732202363767
7846,test,427610392620282310
7847,test,6738155779945718844
7848,train,6169378357989650617
7849,train,7651767979869468510
7850,train,1059115845647771246
7851,train,4216750561438971465
7852,train,15361289866282752808
7853,test,13956046710926610973
7854,test,13257316225086745761
7855,test,14943651603064148689
7856,train,4790654599483760618
7857,train,10794661403833445911
7858,train,14131266320876854845
7859,train,14248681240776579465
7860,train,4984330600145560695
7861,train,15007048670351135078
7862,train,6940819687906796032
7863,train,17086135605403942757
7864,test,18151433060871224981
7865,train,9137309770882690927
7866,train,15377610992133961178
7867,train,14838991790548269476
7868,train,3063471226540152054
7869,test,17619417501170191666
7870,train,2588652023809470241
7871,train,16067554002465820540
7872,train,4480891931155687107
7873,train,17441295897322570211
7874,train,4136278219039344270
7875,test,3034317747242338219
7876,train,3596970315893181647
7877,train,5337841597970310348
7878,train,8742796253271532894
7879,test,1208833976135132773
7880,train,5632226591220835947
7881,test,5987261005560971543
7882,train,14011529186902911421
7883,train,9519074876821964370
7884,train,3955407243039384334
7885,train,2161978485957614382
7886,train,7433531723215192029
7887,train,735500019029853680
7888,test,8277246774319634316
7889,test,15464029551774997281
7890,train,4827141635278924859
7891,train,3999281332366830471
7892,train,2294859510658034588
7893,train,6799193669899084634
7894,train,14412011221590252720
7895,train,3497338422880789394
7896,train,8226655293474284931
7897,train,14386133260986734718
7898,train,17732062235841420506
7899,train,13675611686581692308
7900,train,3341104073251074969
7901,train,14109462505279286204
7902,train,637005701105116510
7903,train,17621713162841779442
7904,train,488592727566595695
7905,test,2609258357291457800
7906,test,7436232069755051369
7907,train,8291568329136047557
7908,train,13735996597164334716
7909,train,12464308627616282982
7910,train,16574102820934900514
7911,train,4311277658803341125
7912,train,12775335155873805272
7913,train,13919074867789352530
7914,train,3199351809565676355
7915,train,10402207230070709312
7916,test,10413678659183868496
7917,train,12194633568100855367
7918,train,11345311420415609822
7919,test,17218548448510856567
7920,train,12811569021145926831
7921,train,4177585527960857375
7922,train,6094247858614005252
7923,test,6893794443364446421
7924,train,6165013253627816855
7925,train,3553792892989664071
7926,train,5543284751431955089
7927,train,1032915771080782368
7928,test,6509808157350712626
7929,train,1427392053448990207
7930,train,12108052206987790327
7931,train,16491782287464276985
7932,train,374794119616594036
7933,train,3161909206128247438
7934,train,18232879944120031832
7935,train,4054887019768837756
7936,train,17642900021811929347
7937,train,9033832356895524118
7938,train,14297232486493149133
7939,train,1338067414191822741
7940,test,11352724514962750176
7941,train,1322615705997393381
7942,train,16190684897132943177
7943,train,3342367097874268070
7944,train,16374044462784334216
7945,test,6770951582990223559
7946,train,18256093983293795269
7947,test,13610747982972871393
7948,test,4090828572954358280
7949,train,137304695635549651
7950,train,15830457006498125327
7951,train,5631406440706553519
7952,train,13843503257487029832
7953,train,2346391676076612925
7954,train,6973583142247357193
7955,test,4718463178793126172
7956,train,4945431244630779842
7957,train,5695101438858308814
7958,test,12428957076394340201
7959,test,7285310259051861291
7960,train,16277838081790558077
7961,train,6252758682802516059
7962,train,4284826554493666202
7963,test,12854017739834193359
7964,test,5125618491060291907
7965,train,11622077277811579601
7966,train,8338903725709622340
7967,train,12322189616290376409
7968,train,14062111321698590991
7969,train,2005874836846321611
7970,test,2088690604640110340
7971,test,3876758530940467395
7972,train,12751763301895083703
7973,train,2190775653716939799
7974,test,3889297340783375448
7975,test,17269225210305830661
7976,train,1532316517614278901
7977,train,1072710162612663524
7978,test,10469942025549558926
7979,train,9499476512501327570
7980,test,2924600090954217689
7981,train,18265845932470250367
7982,train,6354233729236546117
7983,train,164372725114532419
7984,train,10671840086860810758
7985,train,2218711841402959579
7986,train,9592033832686741447
7987,train,3253137392563369377
7988,train,17193987778267673836
7989,train,2438101754235348677
7990,train,5969208529305815739
7991,train,2035748484884716655
7992,train,5400173072338741098
7993,train,12685388943985070097
7994,train,9690179934327513092
7995,train,18400086579943308916
7996,train,5959382772593700549
7997,test,8609110907154638163
7998,train,9795158898300890031
7999,train,6280463566700575648
8000,train,4012226541941283525
8001,train,2283401669898524831
8002,train,8215809380773506746
8003,train,697705150038463421
8004,train,16010421433969265293
8005,train,6056747577666667398
8006,train,10018378500853451419
8007,train,10711496385838427918
8008,train,18104201424679655298
8009,train,12633939903097163314
8010,train,1911699841606966589
8011,train,10224069399121949092
8012,train,11580490962705943566
8013,train,11394379607827861322
8014,train,12623187284215200970
8015,train,5331232577316093263
8016,train,9555684025101600409
8017,test,6224746675728528576
8018,train,8965785756662433604
8019,train,8479108537312565154
8020,train,6804837978489998279
8021,train,1495868630527058773
8022,train,3581875815354136619
8023,train,9812863548419522687
8024,train,16548096228106988756
8025,train,9098924949468246765
8026,test,8710633005817773330
8027,train,18300313852360371878
8028,test,9819141393246424899
8029,train,5025371672229055146
8030,train,15490246661318504346
8031,train,2628234630880714461
8032,train,4132237918583804103
8033,train,10777758191845587060
8034,train,14310046562091357930
8035,train,2529519757140871586
8036,test,10465409053349117058
8037,train,13409019576887275987
8038,train,4590785347726397497
8039,test,11885210453457675220
8040,train,3266052348479128608
8041,train,14018472303585170554
8042,train,12334961561013904843
8043,train,9910273803875688493
8044,train,12447940578041189975
8045,test,11964609851672527107
8046,train,659022700723737328
8047,test,5095097980149118181
8048,train,13464820481124609414
8049,train,5712684036163083458
8050,train,18326595808081776143
8051,train,6406574526481904090
8052,train,14589131372588881486
8053,train,337482693513908373
8054,train,7861854136375448747
8055,train,7793661772945619280
8056,train,11809523191853563226
8057,train,8989810797364714550
8058,test,2001656081811051525
8059,train,5090661943847398780
8060,test,17133657804396004302
8061,train,3267100751273264339
8062,train,10034585897673610567
8063,train,3754553441015938877
8064,train,17663198841651042996
8065,train,14579241057153904810
8066,train,1571255606694242472
8067,train,11658211351888650956
8068,train,8007844169668705015
8069,train,1782939981763172706
8070,train,2474269286202198289
8071,test,2222794465413971221
8072,test,14324857946078368192
8073,train,16319343400907600789
8074,train,16762030764100288361
8075,train,5884332395138373746
8076,train,14409462128293590676
8077,train,6312284560932251351
8078,train,7404499821135742197
8079,test,3995301497655017329
8080,train,5769778629399604166
8081,train,18002465165875194441
8082,train,5458072301737246845
8083,train,4174084715291311325
8084,test,23030015317320966
8085,train,9427040282062841451
8086,test,3430505477249633679
8087,train,736994069757238658
8088,train,14242085375615996032
8089,train,9454795855319686292
8090,train,3253346651065029359
8091,train,15760921960302383489
8092,train,11722077812452692139
8093,train,11645352981040218985
8094,train,5693311478131105816
8095,train,738153451591861405
8096,train,426629333225537345
8097,train,17673970307706451287
8098,train,11227946619280936138
8099,train,5753784613354026847
8100,train,16991524429932107037
8101,train,4769815215630952009
8102,train,416672770422752947
8103,train,107128591336203596
8104,test,12031971112830572536
8105,train,7026024397075195288
8106,train,12768164238233565167
8107,train,9512777657329724382
8108,train,16033046725693902222
8109,test,9200170978074770227
8110,test,10984683624080994877
8111,train,2170666989453375049
8112,train,1840364502200624490
8113,train,9901573084688245328
8114,train,11127516919592175262
8115,train,256226701713859800
8116,test,15591196404205056517
8117,train,14521614032943117460
8118,train,1677377185256893316
8119,train,13344896999661845570
8120,train,6761297847217658283
8121,train,17118394312961623550
8122,train,5880477486660104468
8123,train,14329979513255107356
8124,test,497514403773128976
8125,test,11947780796352630141
8126,train,2613544381348239615
8127,test,1451871552424295414
8128,test,6479239920425324674
8129,train,2921153437741129512
8130,test,7061709746958058957
8131,train,20662399269929915
8132,train,3200251474036243969
8133,train,17476727180500037221
8134,train,7379290450678088538
8135,test,9724951242832090419
8136,test,14310319147047456896
8137,train,1494813716628280108
8138,train,14580740396459050713
8139,train,5424909335482257056
8140,train,3801718774863632560
8141,train,13024752299638918307
8142,train,13493317239187330197
8143,test,10714149949419016754
8144,train,13600821275966500352
8145,train,5778053088395161976
8146,train,9338798534160506357
8147,train,5795894061456740422
8148,test,2826780746833490683
8149,train,902109936244310995
8150,train,9889575925421216186
8151,train,18380053375249632596
8152,train,16155991406762333936
8153,train,7800768420808246375
8154,test,5856970741540721922
8155,train,2519441742235936000
8156,train,5713007223016991341
8157,train,2089510135954821098
8158,train,11985598987551797850
8159,train,7390527841752139961
8160,train,3930078222775769516
8161,train,2396858919056120337
8162,train,13831230520642820125
8163,train,11923974740622272045
8164,train,10991303820890706402
8165,train,6615020735991461987
8166,test,1971431309984954577
8167,train,4447214274849327770
8168,train,6077614061263715105
8169,test,4661207795125195492
8170,train,11027228491400931736
8171,train,11930389212820033749
8172,train,10026293843494699007
8173,train,6265507269397371003
8174,train,5142649035709725392
8175,train,14040652722022539673
8176,train,6743255169278931755
8177,train,1107405464239315030
8178,test,6665711273050573297
8179,train,642156846455016641
8180,train,13700508084266520646
8181,train,5102486792941234695
8182,test,12882105671484273146
8183,train,2160530164271579478
8184,train,15821857590056657734
8185,train,18388673545876083053
8186,train,13827440273329907144
8187,train,12949287858726615418
8188,train,18331203359480333086
8189,train,1112808491538459511
8190,train,870253209862611144
8191,train,4257722067852898484
8192,train,49285307273497876
8193,test,7016623613254365043
8194,test,7806953905756257014
8195,train,4667470862601083230
8196,train,12089307767590339655
8197,test,2908355773954574077
8198,train,6132615823290897625
8199,train,13553280045770079010
8200,train,17705126611235165884
8201,test,2172635504226907446
8202,train,10847200409482187280
8203,train,4276250107748494853
8204,train,14326996345385159936
8205,train,3078232729912836100
8206,train,5846249591540622842
8207,train,13106984280596365119
8208,train,15304746196633747918
8209,train,8266708992926259232
8210,train,1732506495843302044
8211,train,1872248758728766345
8212,test,11827650058339512976
8213,train,8544508181759801074
8214,train,17574059253357987239
8215,train,17961130080903137915
8216,train,934971098384058897
8217,train,11557669969030344752
8218,train,11078166722455104070
8219,train,9511962611102329788
8220,train,15404480706986804376
8221,train,1650573137213524787
8222,train,15445496043312282062
8223,test,6689250637043553269
8224,train,2843460530373974713
8225,train,13229402441402154852
8226,train,2415386977031333945
8227,test,18001751706068221605
8228,train,9229719648817149918
8229,test,5724027333648098072
8230,train,7916436714163592203
8231,train,3768743836898936697
8232,train,11061702484135382557
8233,train,16294453758767931019
8234,train,215077667746524784
8235,test,14133010811029377060
8236,train,10504077431784233796
8237,train,12277958577393967003
8238,train,13867307520541295642
8239,train,575943831966649230
8240,train,4753142157648329495
8241,train,13248389189225266757
8242,train,14042691540401545289
8243,train,10879005539059903390
8244,test,16086207236180050216
8245,train,10067686785791225562
8246,test,16346643732321952548
8247,train,507464204997740941
8248,train,15338979793005830820
8249,train,13980090537947838540
8250,train,2214188583399312406
8251,train,8851516594900789807
8252,train,168377447709514750
8253,train,4335586070769576612
8254,test,13275376430978876964
8255,train,3216959558425629436
8256,test,13154238071145618215
8257,train,14736173963562967891
8258,train,3064651357694349811
8259,test,6822719417226276084
8260,train,1887408680196978789
8261,test,11048215802386132473
8262,train,105229579782193608
8263,train,4377489449045348226
8264,train,17184246091312123454
8265,test,14390975450494377137
8266,train,5188106549313899703
8267,train,12237279269727246885
8268,train,7306812241505925811
8269,train,14029448991282762762
8270,train,5017194189305227227
8271,train,1900730381263184883
8272,train,6147763717900794697
8273,train,9544909506293938848
8274,train,7105126471275874569
8275,train,17908659650103777371
8276,train,9643194355991465355
8277,train,15540188450148082837
8278,train,4393541320304696348
8279,train,4590516181801264078
8280,train,4062241045286882019
8281,train,8998544743397586879
8282,test,6216484556467657852
8283,train,15768588819774071530
8284,test,2616076128138949216
8285,train,14161189294629961988
8286,train,9046336790512153431
8287,train,9435242391735583410
8288,train,2127313658766502577
8289,train,15911275849231822749
8290,test,5140174250997909512
8291,train,13940190569231380381
8292,train,4602391956522155377
8293,train,1753353993314195010
8294,train,6524867937864102084
8295,train,13732594155506986063
8296,train,4060902423841419709
8297,train,17470832392713935465
8298,train,5114410483900725595
8299,train,1542467548375458324
8300,train,8614917518811738485
8301,test,15492740317740456373
8302,train,7449690071071286528
8303,train,3883172515737848270
8304,train,9534862075699929618
8305,train,3297107757903580009
8306,test,2365468047197894408
8307,train,7408855548674177410
8308,train,14362073664841882931
8309,train,3182014057181251824
8310,train,10920574137528632000
8311,train,2496478139167487475
8312,train,3632496947698603782
8313,train,2632268567797193919
8314,train,9613547984238528919
8315,train,7480299018930647879
8316,train,1009218683205689224
8317,test,5540246848351308677
8318,train,16614285710026517535
8319,test,15321819229165535215
8320,test,676831232562612825
8321,train,8898864191085992102
8322,train,1586288715152767418
8323,test,13103817667272821530
8324,test,1088110179966179417
8325,train,7860635287595223404
8326,test,17292419354264425776
8327,train,14084052151242442021
8328,train,808432197608338543
8329,train,9288641545389247891
8330,train,15288380078055962864
8331,test,9067336978129050910
8332,train,15168831810594895916
8333,train,17164723415595937950
8334,train,10694362362818058919
8335,train,9821847980675961242
8336,train,4048332244220205478
8337,test,16007414772766375288
8338,train,12616168863448804077
8339,train,14671301998651056224
8340,train,6631909977136038106
8341,train,14260282611621810318
8342,train,5353305846558812532
8343,train,10823221846953404107
8344,train,2047862242831033950
8345,train,9924035608231169266
8346,train,7531658016090856247
8347,train,472496478242454577
8348,train,7380035620841305557
8349,train,17186890049252044146
8350,test,8125809001181619179
8351,train,9543124856188733349
8352,train,12868638776978750160
8353,train,10831699188443603987
8354,test,16631191060504950147
8355,train,9404846352147000808
8356,train,4670034669262815337
8357,train,12071790841744049452
8358,train,16714511388568085424
8359,train,10233917423423907520
8360,train,2935974465519838943
8361,train,3613374039134475810
8362,train,6007059871718246732
8363,train,14667763205949034600
8364,test,13309163789826950664
8365,train,12371181696222479643
8366,train,568730152479336543
8367,train,7071245330841419135
8368,train,12172635776816597568
8369,train,4314427171568128557
8370,test,13795154742341128681
8371,train,17861341685886356444
8372,train,9031935196531920890
8373,test,1697457358428363758
8374,train,13340234408622013233
8375,test,1466024620295163819
8376,train,1766806708319980013
8377,test,2532927024833513979
8378,train,10777220304715147138
8379,train,9933704912758995703
8380,train,9371158872532041003
8381,train,182986918410234249
8382,test,15290822508234825364
8383,train,11065033888401259961
8384,train,13604315422691057143
8385,train,1047156317028341187
8386,train,13134484126963707900
8387,train,15727057954479860705
8388,train,18198335378917896907
8389,train,1038137306555850586
8390,train,4479098365117500814
8391,train,17708792725140284852
8392,test,6073361935597404049
8393,train,11803859095231144671
8394,train,7092825031758995997
8395,train,8765355987497444425
8396,train,11232310830161558182
8397,train,5131506322635235319
8398,test,9412751745982696052
8399,train,10958392891724466568
8400,train,15697646109126424757
8401,test,50211390082083004
8402,train,4376820655769623540
8403,test,11559696647494813863
8404,train,15754556193264928665
8405,train,14159528554340350974
8406,train,1123255780556978268
8407,test,12546077018712717052
8408,train,12407454180831828295
8409,train,2436335264466231456
8410,train,6771058261684251745
8411,train,14012382578054775605
8412,test,909535094151432388
8413,train,7932138440789880150
8414,train,2164891452964782738
8415,train,9553376672257091357
8416,train,12312371728528626472
8417,train,8907592806167498754
8418,train,8923146119761733187
8419,train,3603619331558533312
8420,train,1704068781763583824
8421,test,14906908857349816943
8422,train,1393281724874800350
8423,train,11774525555110866423
8424,test,11785695730609722479
8425,test,16566324524368426271
8426,train,6877735034321261212
8427,train,16942261011302562053
8428,train,4573775490301842071
8429,train,9429957538994273207
8430,train,9729596440238874263
8431,train,12284464415812796556
8432,train,10947602990086280728
8433,train,9805920097978315832
8434,train,14352529313189580767
8435,train,13944171662941014310
8436,train,3510430591205498346
8437,train,18115253844032795043
8438,train,11973143654982999665
8439,train,10627180172998895181
8440,train,12115725773124708642
8441,test,8587448798744264294
8442,test,13059673460790644560
8443,train,1567030319048881193
8444,train,1058106368891063616
8445,test,766946240888245120
8446,train,10478669862475741642
8447,train,4572903776494126987
8448,train,1653685290984302426
8449,train,7643761390574688864
8450,train,16271547750900884968
8451,train,12306448298340728728
8452,test,5376719536386395831
8453,train,6423212080400453299
8454,train,3045467043836573139
8455,train,6350919535273084036
8456,train,9717587515067758437
8457,train,1347157558116687917
8458,train,8902239946934565480
8459,train,6627012452213174814
8460,train,15010996107581797130
8461,train,12123162446706491313
8462,train,3795496288913942331
8463,train,10629101184243260837
8464,train,2476521672680573491
8465,train,3812103898897118566
8466,train,8430973114987597903
8467,train,17607034309497099879
8468,test,13196049315529808329
8469,train,516312044595551552
8470,test,6202490031135551549
8471,test,1626416057505892495
8472,train,12382282448006894143
8473,train,14954120254481032226
8474,test,7918460328006265479
8475,train,9428738101914687313
8476,train,3807395616971329928
8477,train,4811629691329021484
8478,test,3930015562568685386
8479,test,14832424754646834495
8480,train,11939808835962732413
8481,train,3622757906308320611
8482,train,6297188232565464295
8483,train,3619850369604376460
8484,test,2921937861702834501
8485,train,6783853728574134058
8486,train,9651340637649067294
8487,train,15231601935843174987
8488,train,3040915306789326306
8489,train,9306601144408219106
8490,train,11414599145867249653
8491,train,8166687247727227855
8492,train,9199435914898739804
8493,train,15595455196195929826
8494,train,16422920828207219930
8495,train,16744773266933831242
8496,train,10261282763887872425
8497,train,8348164360410421645
8498,train,6127916353357047917
8499,train,11618808238805142022
8500,train,613752016800146555
8501,train,12048804293355348059
8502,train,18339724792300468370
8503,train,12436210652165499412
8504,train,6279610885800304312
8505,train,2350186612632624943
8506,train,13904761231771069741
8507,train,13327489019417807675
8508,train,16403267872348044537
8509,train,2725207925729484300
8510,train,6695575413042579385
8511,train,1438047234537768653
8512,train,18441902431793018903
8513,train,13758536481576296218
8514,train,3293840533986891755
8515,train,9029752875677721497
8516,test,17038988138528219957
8517,train,5784281926248285078
8518,train,17209751281503000813
8519,train,9838908156780297817
8520,test,6972882835143192505
8521,train,13681785438308897026
8522,train,4810503086177179171
8523,train,9408381370761070571
8524,train,16205678044442524934
8525,train,6329449738398898684
8526,train,3533119685039163528
8527,test,1406137107757193199
8528,train,13791753319591154513
8529,train,13279535620167111523
8530,test,15381565741055862049
8531,train,13335910776784530708
8532,test,11083959726011712261
8533,test,2758725094431527061
8534,train,9959220528663648087
8535,train,12114538773085214286
8536,train,14140740039360078523
8537,train,8626027641762136037
8538,train,16187083809258445597
8539,train,7800993130168441165
8540,train,6728542787729729222
8541,test,12662688055828924695
8542,train,10713694321397105719
8543,train,5306128828393222018
8544,train,11410612786433689640
8545,train,3398310009718841404
8546,train,7592998752235882395
8547,train,10434045674572547818
8548,train,8791070734392680716
8549,test,966225208737478309
8550,train,13853521607130906914
8551,train,13613441906278814866
8552,train,8994221189134512517
8553,train,1062438924655318192
8554,train,7513368177635502721
8555,train,8761691225196075913
8556,train,770985504945359705
8557,test,4321366128422514298
8558,train,15664663988521660679
8559,test,12070735914657664513
8560,test,3551498928915875633
8561,test,5695194088936802643
8562,test,15327998701501713600
8563,train,4428098716909800396
8564,train,13197520596009175468
8565,train,14171509532244843787
8566,train,18123577031999309590
8567,train,10978694562106779018
8568,train,15776390080169599359
8569,train,14062034657263125473
8570,train,3050956590749136813
8571,train,3673420016918579922
8572,train,7447169807805815600
8573,train,14048627001595351894
8574,train,3082971043655232720
8575,train,18438863374556805897
8576,train,16031293078661230612
8577,test,4107207497443076512
8578,train,9070831084844822282
8579,train,230918223136139991
8580,train,7204691635828449530
8581,train,12969114192594656532
8582,train,7563171808112245272
8583,train,14169007959827591678
8584,train,12059007027653340757
8585,train,7786883479619264708
8586,train,9642750959008677004
8587,test,14383692132298759217
8588,train,16543831178220024643
8589,train,10118542639590115975
8590,test,606717418898947784
8591,train,11914765120123543641
8592,train,2463113655998169207
8593,train,11380568157311246550
8594,train,14423254273960481393
8595,train,16129980578539830721
8596,train,3160001648559123398
8597,train,1706472747590410027
8598,test,186318758835352914
8599,train,15907649987291019794
8600,train,8238182826467237122
8601,train,17203717547716891433
8602,test,16185694390823596220
8603,test,1478341374284110354
8604,train,15602551910455708986
8605,train,18325373765723564330
8606,train,11456018282911072465
8607,train,12390344907525929589
8608,train,12852695906555319765
8609,test,1369148985823736958
8610,train,1874262787624593023
8611,train,11769451165377915527
8612,train,12594271556592097482
8613,train,9665782892911288664
8614,train,9857869035967408268
8615,train,17482551671257213107
8616,train,4021438943288884301
8617,train,3042862277045367871
8618,train,9645852892690752141
8619,train,15608736437702706304
8620,train,14550692845626185337
8621,train,9101891932396258473
8622,train,3742828087928086635
8623,test,18407793863577460610
8624,train,9076295159346553879
8625,train,3930835929928512377
8626,train,3488145890201844385
8627,train,9740717584665604848
8628,train,2332179587278816679
8629,train,6389783789783648402
8630,train,16010925363884915178
8631,train,11768722248307826971
8632,test,12935118060831045265
8633,train,11789837714798658125
8634,train,2777160232289580446
8635,train,16681489177557170555
8636,train,4474622161735253213
8637,train,11777832027628322304
8638,train,11438774873505276739
8639,train,12977240688829382131
8640,train,10012798400819038028
8641,train,2660678428305067529
8642,train,10936164257161882612
8643,train,200163998014406608
8644,train,13248389431766833440
8645,train,14924515774105912771
8646,train,10090869839524908378
8647,train,18429504934208908628
8648,train,6514873014122991368
8649,train,8122463809604575994
8650,train,57004584780379211
8651,test,15989442338517305569
8652,test,3159824288947809324
8653,test,1203401553792120792
8654,train,14808468443657218946
8655,train,16209237484956192627
8656,test,12352716376227563797
8657,train,7356982281020767279
8658,train,16001766942278283323
8659,train,925360236730359336
8660,train,6881661509835822429
8661,train,13366456361179061294
8662,train,1176467547169732458
8663,train,6117740304384005527
8664,train,10816522895826106650
8665,train,6018051232401355798
8666,train,17544050551898473933
8667,train,1730364934495421875
8668,test,2127725619609357832
8669,test,2822090053776742138
8670,train,13755430222815035278
8671,train,7995338093938522450
8672,train,10989508651971046275
8673,train,12228379829804335945
8674,test,2660451105016990052
8675,train,3623004240558018828
8676,train,17000637178219118778
8677,train,8571057098892539167
8678,test,5089228329283099437
8679,test,528188697489865675
8680,test,6243403100083454727
8681,test,14954422857451142304
8682,train,1322407405577464309
8683,train,16638702471085532838
8684,train,6068308536647807998
8685,train,18303460601109339283
8686,train,10192979193113517886
8687,train,9603968213423288042
8688,train,3415606128305250597
8689,train,8637684909571151403
8690,train,10039140575636021564
8691,train,2704544670152553662
8692,train,18010097314400114178
8693,train,4982869369145269103
8694,train,12668906571980254032
8695,train,2109589619616883537
8696,train,13735655100595552165
8697,train,5514372443777167036
8698,train,9338831928052419198
8699,train,9252198408256028738
8700,test,3660615932118832261
8701,train,1974050432099446144
8702,train,13814222329976947378
8703,train,14260256579938487275
8704,train,17473904332107004712
8705,train,16271042829597998072
8706,train,10673458150097130031
8707,train,11283801392257318070
8708,train,14285268105246514871
8709,test,11730285789787272775
8710,train,17167882866395668599
8711,train,17055940675084604484
8712,train,7046026464757937333
8713,test,3249058269323686423
8714,train,16977871908928039071
8715,test,14740588203363198646
8716,train,6367404765738783141
8717,train,2808579256215047784
8718,test,4156323690923918628
8719,train,13672780937902057657
8720,train,9785662802384965955
8721,test,2219286963189535135
8722,train,14118090468897514484
8723,train,1875878498673901165
8724,test,16284440447359128559
8725,test,263132514738744594
8726,train,18177467268664679445
8727,train,426014961646369477
8728,train,6741282858609298362
8729,test,12074728452060363995
8730,train,2544930544802827014
8731,train,15890815125937017186
8732,train,5901058412194223986
8733,train,3666777363432171361
8734,train,11295817626590900820
8735,train,1420230521124984742
8736,train,11588310021681294714
8737,test,17241300417991142554
8738,train,16278099535940709
8739,train,13137061524224036721
8740,train,9338475446424970449
8741,train,8190139095715697626
8742,train,7999527901969814495
8743,train,10124680077666500763
8744,train,15905118220143791006
8745,train,9410507022738047852
8746,test,1359537013018580344
8747,train,3183126144832419035
8748,test,8115828695174227325
8749,train,6522870042841471391
8750,train,6234709426991497789
8751,train,10479830671739529892
8752,train,10028194878237830577
8753,train,327234777806416613
8754,train,1770113131618696035
8755,train,1312200334412357158
8756,test,2535208879552258603
8757,train,14041767768043833137
8758,train,11333930037576726797
8759,train,1662804170420198072
8760,train,2974751027552039111
8761,test,10570441262714471542
8762,train,6241735638157327298
8763,test,9437510775251376659
8764,train,6682503815411758977
8765,train,14577799945695283749
8766,test,6223288112307446218
8767,train,15130967163838652319
8768,train,15157120413139895733
8769,test,10269248486439149244
8770,train,11629367430789649239
8771,test,15353812989483029639
8772,train,2750571112323452016
8773,train,8128175718645778505
8774,train,4242297075975722760
8775,train,17944924446254859152
8776,train,10206095630226818528
8777,train,3159424397308098251
8778,train,18125295340785647400
8779,train,15682496112830788600
8780,train,8318838510363082568
8781,train,1164703994444068647
8782,train,2687207426057767902
8783,train,12919109406873546426
8784,train,17136332386913045811
8785,train,10200906280686786409
8786,train,13785973927954878493
8787,test,9915914663559756626
8788,train,18269891186826066431
8789,train,17785959277320842541
8790,train,9702339515764217100
8791,train,2613006590729161383
8792,train,4799788311896169815
8793,train,11114907001111106184
8794,test,18111990634945742721
8795,train,17721000854733053496
8796,train,3539953965658347272
8797,train,1163460794825236440
8798,train,3846037239858612955
8799,train,122310834500336170
8800,train,7289275368055924376
8801,train,10167819076313291616
8802,train,16913051501695081435
8803,test,1149198742403501508
8804,test,5538394358279711112
8805,train,11201524618771706088
8806,test,14959871088903361687
8807,test,2227169662486565634
8808,test,1234869597852625538
8809,test,12576660852505518035
8810,train,7087814973596020209
8811,train,67011196191873637
8812,train,2318799382039245526
8813,train,9706118747675923192
8814,train,4798802177343312706
8815,train,10859845636479322940
8816,train,15448841228772803689
8817,train,15082063941133130356
8818,train,5612790875204770368
8819,train,718057508433027518
8820,train,12005358717763929531
8821,train,17879967053078249522
8822,train,11510226414164246228
8823,test,2456666758960056488
8824,train,5775983066745579931
8825,train,4384862428774587354
8826,train,1730667432435788945
8827,train,18050908563811934598
8828,train,9547345082423416322
8829,test,4565974968520572080
8830,train,14075965508563193289
8831,test,3219779413674627155
8832,train,2760898562300714374
8833,train,8246787397842009722
8834,test,2266344447911863185
8835,train,7906306348666337341
8836,test,5148101102378744522
8837,test,4669319833369891126
8838,train,13989372795306235117
8839,train,11305206968452695514
8840,train,5987556441886728336
8841,train,3398894679028235289
8842,train,344392683905341082
8843,test,11156733925775373515
8844,train,12487859081764109849
8845,train,7470585593224652126
8846,train,15958935878668794811
8847,train,17049847823492647602
8848,test,16222589301860291301
8849,train,4836464638163107278
8850,train,5953621616503602222
8851,train,11660823699383522607
8852,train,9941053766773422598
8853,train,16903896249004788052
8854,train,10164927614152860652
8855,train,4606968211246562060
8856,test,11961307329397398434
8857,train,5055317880633560244
8858,train,12383644757881207922
8859,train,8740059106963280618
8860,test,7089112185929973593
8861,train,16989640352172589397
8862,train,690866968916552065
8863,train,8537216764231354472
8864,train,13435522132411647902
8865,train,7711379740162972179
8866,train,8337524845824191793
8867,test,4223508493005637650
8868,train,15806630358071721116
8869,test,10139343408660974498
8870,train,4392492049969106085
8871,train,4589900331321231661
8872,train,7926482809040862066
8873,train,16101721553280376566
8874,test,9055002304022344518
8875,train,12927417935963288049
8876,train,3196498601071589361
8877,train,2421618795527574240
8878,train,18373540901545690094
8879,train,895758083628913637
8880,train,9399818134482267781
8881,test,12730453162707264806
8882,train,9946195697945306562
8883,train,16564145479161514110
8884,train,3825212465221958703
8885,train,4884499877786543001
8886,train,15480574675070979916
8887,train,17385114653052013567
8888,test,14084954680915602894
8889,train,15842442359532407805
8890,train,10638876009423303769
8891,train,15880520074828958160
8892,train,13875481857069562411
8893,train,18221346151294207412
8894,train,1243871501632405180
8895,train,16172431487087802982
8896,test,3750789434136660071
8897,train,352331121013358181
8898,train,2039585781293371864
8899,train,8441410728807277992
8900,train,14343241113002909631
8901,train,2390679128377131859
8902,test,15372925646734218228
8903,train,14326692977749691772
8904,test,1325818017801029199
8905,train,12861587979896854536
8906,train,8565008253066752374
8907,train,3082962978664254691
8908,train,15320442132871395572
8909,train,5402726588018501713
8910,train,9086231141538499191
8911,train,7235245601418075712
8912,train,559113078490411227
8913,train,14377771160167896921
8914,train,11162217532758875774
8915,train,7147846625130215942
8916,train,9777233991085807689
8917,train,5270086892462657581
8918,train,12940474063301496861
8919,train,1998005316972141514
8920,train,4749804901578528202
8921,train,15865168480161952943
8922,train,9272953733812868793
8923,train,15199415687985274814
8924,test,15756931711239615706
8925,train,18365939185068987901
8926,train,5693994600857521529
8927,train,10844370360884715477
8928,train,15549682086467262084
8929,train,12125497690072438622
8930,train,15123745737631256999
8931,train,12849042700209794016
8932,train,3374552396153000357
8933,train,1450491086945633362
8934,train,17349651252520846925
8935,train,5052489659986722188
8936,test,15403979690863149279
8937,train,16013972983827445472
8938,train,8205392206933687144
8939,train,8193810229185631617
8940,test,13978977437739311360
8941,train,15798075890418847326
8942,train,242429144325103774
8943,test,13068789512800395390
8944,train,13213920255775083740
8945,train,1620060298564494278
8946,train,12278972754765720308
8947,test,15240188959298261828
8948,train,7622354272048680595
8949,train,18298440112733223271
8950,train,15717184806325456931
8951,train,5099487461509085922
8952,train,15038935901647438056
8953,train,10544698293460960709
8954,train,10449065579144459723
8955,train,12909128205122464708
8956,train,15176135158595937536
8957,test,6954882099484937401
8958,train,7079077623619642998
8959,train,1039712605715535741
8960,train,11954879086729785701
8961,train,12578364248275393268
8962,train,14606118498280857245
8963,test,16784144787739184759
8964,train,8384649250845923015
8965,train,775239637553867735
8966,train,7092940451677386409
8967,test,8836805296330364783
8968,test,10605399835715100833
8969,test,4094044184029213985
8970,train,12558911737876837962
8971,test,11297479495306446238
8972,train,13890739688152666682
8973,train,5573791071365249675
8974,train,13044270625506977125
8975,test,13575721199291850920
8976,train,14281208072098481634
8977,train,307523330126419281
8978,train,11897705375931606944
8979,test,10968411158479116229
8980,train,1445270854624211594
8981,test,7866030721432004585
8982,train,11306610162675628625
8983,test,2535876537940138388
8984,train,9242533767561153209
8985,train,10753992914565699735
8986,train,14188250743091974743
8987,train,16900468410071303187
8988,train,7399208122263273173
8989,train,10737347498619273935
8990,train,2212620573698179069
8991,train,17136956346194294417
8992,train,7355906052580670942
8993,train,7172122826609437218
8994,train,10546165147247076478
8995,train,10611639973685227047
8996,train,17577685242166951973
8997,test,427077760340766476
8998,train,3228831963966336262
8999,test,14953891642354422113
9000,train,13188549786280762432
9001,test,6950554985831110790
9002,test,8125325694586054401
9003,test,14740702946516205625
9004,train,2305132799761314454
9005,train,14613864388556448218
9006,train,6756798154168361066
9007,train,7042230828204631325
9008,train,9512096212457135293
9009,train,8979170264790474596
9010,test,17366487941714167090
9011,train,17289091100611853217
9012,train,16439182888797510913
9013,test,12417171185310258346
9014,train,10559765214317105734
9015,train,9909073561487532946
9016,train,2522464723496438251
9017,test,3092854659189414709
9018,train,5139309219090503152
9019,train,1993486345781598075
9020,test,4756612364490566498
9021,train,12017301263303843065
9022,test,12020392012298888342
9023,train,14851288027514424436
9024,train,17645406829207358799
9025,train,10194381118600305975
9026,train,2287556413765808580
9027,test,16273102643953009168
9028,train,15233627239087158176
9029,train,14318724500812814131
9030,test,1523263176743462771
9031,train,12481600256147816306
9032,train,14162363509119514080
9033,train,2374494298433015247
9034,train,15100219579472949311
9035,test,8573989299552720960
9036,train,14389836731466498516
9037,train,4359283136453154392
9038,test,17739120367042303889
9039,train,10331396252622623787
9040,train,7305911532988004630
9041,train,4884531536799614649
9042,train,15690611903395215368
9043,train,13316823695007064791
9044,test,4684785694538574243
9045,train,5777390710444481582
9046,train,3438930866974037237
9047,train,2483039582805572610
9048,train,897547436562327702
9049,train,6793271826712273819
9050,test,12996533380105001726
9051,train,1287729078093608228
9052,train,11056366409537928064
9053,train,13808394396741025832
9054,train,878152794098889630
9055,test,1484094493764227256
9056,test,15909818781531473538
9057,train,471505246839723778
9058,train,14132097152283494005
9059,test,1446239625220254121
9060,train,7341234950909745977
9061,train,17718446367753412700
9062,train,14908034265915737634
9063,train,11794793016719137623
9064,train,3434937378612264765
9065,train,17825925238783691086
9066,train,10975909410810884057
9067,train,7109628266988872596
9068,train,72302628915656567
9069,train,3794704050453678344
9070,test,17439998550943485568
9071,train,15082765985191811501
9072,train,243245480300090056
9073,test,16963498364647632306
9074,train,17216363225004361874
9075,train,407653839013625782
9076,train,3634867289623320772
9077,train,8323797697387060170
9078,test,798002488054246636
9079,train,3315411956361210552
9080,test,15768357490137635771
9081,train,522395799028675471
9082,test,3436041637285817515
9083,train,2152470234713978554
9084,train,3293606948946801052
9085,train,14039407753061911933
9086,test,2308353334665410371
9087,train,4531290549811767720
9088,train,8645448132012737036
9089,test,12555127497680291085
9090,train,16733385817747418974
9091,test,17164844332950752937
9092,train,12910653858757192581
9093,train,3417302727115239516
9094,train,8370828322057252237
9095,train,12578902882369267699
9096,train,1830423644162476767
9097,train,7268005507596366619
9098,train,18034854257371737373
9099,train,18309073151163122903
9100,train,18258977670899606825
9101,train,11166090994615753685
9102,train,15150262483453464862
9103,train,4494862971467547946
9104,train,2604413056637264554
9105,test,11701912298064349607
9106,train,8364619850047677933
9107,train,15161752817949397780
9108,train,17174041550163336646
9109,train,17527414163707179729
9110,train,15699164741928011228
9111,train,11217492743368631821
9112,test,9066994856755588590
9113,train,140914203186244913
9114,train,12773780500062177373
9115,train,6115999742222203903
9116,test,11072836109186356238
9117,train,15196169085448783796
9118,train,670048972544627509
9119,train,5742829248403342267
9120,test,6220190083519099015
9121,train,3868456369236096267
9122,train,3751103210578032925
9123,test,12690099526738863791
9124,train,15639821274223375225
9125,train,18203001659148956853
9126,train,16606095584775367654
9127,train,2591528482112965162
9128,train,12373569449861005301
9129,train,18033650934824621689
9130,train,7203205490289538450
9131,train,5379695300650845781
9132,train,3985759572403497439
9133,train,7976638125446199078
9134,train,1828173833946693
9135,train,3702362058740613828
9136,train,11894314699285676798
9137,test,4501076651527657233
9138,train,11402372968666532160
9139,train,14815483187333687190
9140,train,12072871568918237477
9141,test,9912681081310448477
9142,train,9572466310444341414
9143,train,13965003149759441330
9144,train,18129635859425426178
9145,test,15056771493114770377
9146,test,870936698011268693
9147,train,11688428139029539280
9148,train,6647509902737167990
9149,train,13490650631126735473
9150,train,15062124630574258433
9151,train,10639197861020206078
9152,train,4605667109604175042
9153,train,5594431919200444490
9154,test,8713569785220944887
9155,train,11881906997350941961
9156,train,2416698021734153084
9157,train,8843726744410013563
9158,train,2326065742745055510
9159,train,5771912723890672149
9160,test,9365052569737829288
9161,train,15294391061359134790
9162,train,18095029865064586677
9163,train,1958759831283883357
9164,train,13841180664254659062
9165,train,6802576476545069098
9166,test,4287550967024889946
9167,test,1185352364742139041
9168,train,11240739198832817741
9169,train,11760194057890951736
9170,train,13099285060659207318
9171,test,10393747783100915809
9172,train,10844015128982011385
9173,train,10096619416754345430
9174,test,6645020736853975026
9175,test,13932650993675255570
9176,test,7224020635894075647
9177,train,5777440457806364881
9178,train,5908192639795963196
9179,train,10358058729056410995
9180,train,6530888869662968894
9181,train,3200504830430403749
9182,train,3380769815327750609
9183,train,15078948845742896435
9184,test,3341783913139397268
9185,train,6531085614206057180
9186,train,11669137701455011747
9187,test,11570445690772494047
9188,train,12401855704190020815
9189,train,13912955655400369592
9190,test,3604347828647706532
9191,train,13115222105848163521
9192,train,18240225912948074179
9193,train,2769786758645049008
9194,test,10421198936072004528
9195,train,17217534788686386795
9196,train,15165105452350532367
9197,train,15145530339408086375
9198,train,7583288049443634602
9199,train,13639275963756715400
9200,train,2819344149925189693
9201,train,12659321419814417054
9202,train,6534712329391643891
9203,train,18217643332895043012
9204,train,7053274299104971320
9205,train,944794323517593025
9206,test,17509778834299383610
9207,train,17798570330093925109
9208,train,110646606922216369
9209,train,15830715987619779491
9210,train,17445932830739153418
9211,train,2715703561152784112
9212,test,6427422651249305101
9213,train,12367519262198001977
9214,train,1634583294070513026
9215,train,16337726261450056998
9216,train,9645959619257846281
9217,train,16878944416721491645
9218,train,17452534907082831214
9219,test,18011316336842505497
9220,train,12282258555817838435
9221,train,7375681104560804114
9222,train,13846369854152407241
9223,train,11340119462321548368
9224,train,9637978876916646906
9225,train,13980490551273076165
9226,train,4397982183420338741
9227,train,7530292101325052224
9228,train,4344431386141271395
9229,train,13829483589639102108
9230,train,17888344540202084172
9231,train,7108436109536210538
9232,train,11121853913342989599
9233,train,3698724072714119393
9234,test,14075343513248395952
9235,train,15082526443658725980
9236,test,343138954583782951
9237,train,18420178675106553507
9238,train,13464492135986129332
9239,train,16505634655921996216
9240,train,9971623420008888495
9241,train,9379334726694422844
9242,train,16265548123833070670
9243,train,17704700179222725771
9244,train,15375167553257599400
9245,train,7320255627184438929
9246,train,11608724437166675759
9247,train,7838838611374710028
9248,train,1108505252042164602
9249,train,13889676448429143636
9250,test,14718056756550946051
9251,train,4283061134229647723
9252,train,4775121320602314884
9253,test,12945634678313852440
9254,train,16554289873699512328
9255,train,207180096983872943
9256,test,11434233761724257339
9257,train,4284693205620932274
9258,train,5332677309162358520
9259,train,9180131944749083951
9260,train,3413569414088175723
9261,test,15389898103525863204
9262,train,15300879722590186624
9263,test,4595460897086137696
9264,train,2934758734435194765
9265,train,1594577412545748491
9266,train,4670886998917505826
9267,train,5918980485344728805
9268,train,9359797877120965068
9269,train,9323280984683500879
9270,train,2526372648350008419
9271,train,12919730593649490802
9272,train,3537371991205984141
9273,train,7438168966453154294
9274,train,11055251640740586398
9275,train,14633195488087456424
9276,test,10539988450058313193
9277,train,16905829111740881007
9278,train,15035137562317042618
9279,train,7030129263432659218
9280,train,396645133126277249
9281,train,6016832901574665013
9282,train,15099703473685547926
9283,test,7706794269924744230
9284,train,8191930736161893553
9285,train,15539331619844418098
9286,train,6119613454057255120
9287,test,1189416892384121477
9288,train,4056983949497427646
9289,test,7315533334088582291
9290,train,12442913761312742201
9291,train,7098998396513147322
9292,train,8142967392887803460
9293,test,696283797833513026
9294,train,15863192935853550073
9295,test,10363928395905520897
9296,train,14493371685477661906
9297,train,64055914014249654
9298,train,1859282500563883398
9299,train,16855489936454852469
9300,train,4643238007993864497
9301,train,4684216751855705660
9302,train,16077715508727277818
9303,test,11545350281397858821
9304,train,4523479652417618893
9305,test,14144961450835326210
9306,train,8462260116640752446
9307,train,15242612871829169374
9308,train,2765239260991109587
9309,train,7956150527363293261
9310,train,5318918633921613880
9311,train,14174349282547566151
9312,train,289206420634728778
9313,train,17275345087663313425
9314,train,9435054206581909783
9315,train,13337024154984184525
9316,train,7693307629117339458
9317,test,13456624204495474250
9318,train,4743557948014036637
9319,train,1862018390147097281
9320,train,5507781370378980369
9321,test,8255525446913645934
9322,train,16790136937412177414
9323,train,3724538496660984147
9324,train,12395722581392456909
9325,train,13385078740379026186
9326,test,3726962513024055902
9327,test,6773023318183370681
9328,train,12384946982772591301
9329,train,9204615619072156201
9330,train,8028082514469713080
9331,train,18369715805082938874
9332,test,12030172969144717011
9333,train,13686270879249674084
9334,train,184409214846733089
9335,train,12198060439141860782
9336,train,6575894563310437388
9337,train,17621707870425112082
9338,train,77951843602073729
9339,train,7200242591305133481
9340,test,14173722766970171394
9341,train,17353725571533819870
9342,train,2303432980427567246
9343,train,12915541538517297109
9344,test,1636968463485316633
9345,train,11364224292106922188
9346,train,14642557735934944722
9347,train,11356873126599977109
9348,train,14902565242285239925
9349,test,16154459256235967138
9350,train,3655531808530564454
9351,train,16837785473049211142
9352,test,950155822928025363
9353,test,4224628940856540349
9354,train,17759523430578769120
9355,train,12794131282802433199
9356,test,9351607673877655914
9357,train,14087982505048482857
9358,train,15626225261891036046
9359,train,5656507467517761376
9360,train,4577552902306946127
9361,train,10099667131537106263
9362,train,11064053191855623568
9363,train,81805545647527108
9364,train,11914608940359938548
9365,train,3868299534991735163
9366,train,2310727400903296575
9367,test,6384795638243993342
9368,train,17583393076357379588
9369,train,16177031853303838307
9370,train,7258335153280937847
9371,train,10216963650005611336
9372,train,11779415998031177716
9373,train,15646793479387435148
9374,train,16423075013112552857
9375,train,17221886236368304047
9376,train,17077343751391001974
9377,test,13257487791196480561
9378,train,8898241296820990000
9379,test,13397923836221357203
9380,train,9608658926499005721
9381,train,12512729515580259363
9382,train,12151208742794551404
9383,train,6178330223467225364
9384,train,13015200046439833587
9385,train,11210322735371189471
9386,train,14186117595924151279
9387,train,1532848122692638672
9388,train,4354520626142062244
9389,train,14133090099102972041
9390,train,3191629824231437659
9391,train,17272853211321621216
9392,train,11832207671397164280
9393,train,11428902951585255683
9394,train,17426387835790584135
9395,train,2028923395742254983
9396,train,12101295305264981698
9397,train,11248010586529130800
9398,train,1101425317255950965
9399,train,14832911992491410662
9400,train,13498549810197009707
9401,test,4263647597097633116
9402,train,5320887436131946515
9403,train,8034474504094495253
9404,train,12814930139227114402
9405,test,15414895280552214090
9406,train,8898976089980783141
9407,train,15664691632556854521
9408,train,1459446403649207305
9409,train,9433412874691196398
9410,train,12897837293762141438
9411,train,7896727961887255887
9412,train,15918927655940519465
9413,train,7746008041830949266
9414,train,2115272121646940402
9415,train,16543798584813528377
9416,train,14730379603575990181
9417,train,14396179852417169121
9418,train,12232035053345245976
9419,train,14263169580421295582
9420,train,4138977157511057939
9421,train,15972155085598636792
9422,test,15263547010962826433
9423,train,3157023480992394274
9424,train,3605074089762969976
9425,train,17220982801653526606
9426,train,8285793470715460857
9427,train,12840022965563280801
9428,test,15899391907792034238
9429,train,82308855446106706
9430,train,6811209432393759810
9431,train,8884643638495194837
9432,train,3899960014458231605
9433,train,8232896359899405916
9434,train,13572515328675189290
9435,train,11781276350001991657
9436,train,16409994620103629737
9437,test,7939127339892634018
9438,train,6013324900531712478
9439,train,11708228974309658778
9440,test,10435350541709314099
9441,test,5151323960974002765
9442,train,10786530858689510680
9443,train,17543241108419996643
9444,train,16051387607926613130
9445,test,14453955256638480865
9446,test,9691660101805617940
9447,train,6923541956663325913
9448,train,548379678209332226
9449,train,8328692117380377229
9450,train,942507941382820825
9451,train,7543420328688152311
9452,test,111817385795854476
9453,train,17710387179569212661
9454,train,11113947132868278381
9455,train,9087104840339189914
9456,test,5364676968903102686
9457,train,8920641529740913969
9458,train,12319004441305510518
9459,train,4663134320031972813
9460,train,4248913477282336091
9461,train,11153510478316964058
9462,train,2270362460386853277
9463,train,3348428465597276200
9464,train,3885519671472729874
9465,test,6009805378043854601
9466,train,1874155931329337534
9467,train,12485445934433601231
9468,test,3184839641411515944
9469,train,16211698353870820979
9470,train,11640889092273993423
9471,train,5016463075729597958
9472,train,17140060715062321399
9473,train,2479403510510932557
9474,test,17491660935719929289
9475,train,13922833617853917693
9476,train,4167076641169465695
9477,test,14924774715525600321
9478,test,8713158415041163995
9479,train,4068035278688841991
9480,train,7826232915560013056
9481,train,6526941825660130708
9482,train,13108564045651652732
9483,train,10885628583289342385
9484,train,4632736040987737751
9485,train,12517752653555478326
9486,train,11278659931686046376
9487,train,12449197408585653939
9488,train,8134760890088760835
9489,train,12238145794229106413
9490,train,10089334942484789714
9491,train,11158813010633808906
9492,train,12333846499732065949
9493,train,10314426165924949913
9494,train,5100638278225203913
9495,train,7852490713029805334
9496,train,6122105843339868382
9497,train,8121781816966892079
9498,train,965029260185765761
9499,train,10063037069431498154
9500,train,13310603250015747282
9501,train,8458477020535113057
9502,train,310293499637033333
9503,train,9886972302598565457
9504,train,17913735097031482064
9505,test,861104010154061086
9506,train,666956402509438803
9507,train,5470593037672502488
9508,test,11826214699041765593
9509,train,11784743995056494282
9510,train,8352104058633563519
9511,train,7877665266082675538
9512,train,14187939876400270453
9513,test,9221186519063780494
9514,train,3945517670930829950
9515,train,14125478160163537740
9516,train,10153126688292067233
9517,train,12837690151487157699
9518,test,11080718933985764450
9519,test,5286945015156883254
9520,train,2779956731358136985
9521,train,7766926533861133141
9522,train,634917514766057046
9523,test,12731715922428380642
9524,test,1166608644044034417
9525,train,14279908385711220054
9526,train,108246180437781128
9527,train,7820460376180284461
9528,train,11600452651502459818
9529,test,4631757418138779539
9530,train,13223679090217408817
9531,train,13778245245951688046
9532,train,12114857228137016199
9533,test,12195252307767150522
9534,train,8064950603731561761
9535,test,3803140069231508318
9536,train,15467864903995486394
9537,train,16387410621006385764
9538,train,12418508893784895777
9539,train,5131073506789700559
9540,train,13322604401681549334
9541,train,3821233413741843246
9542,train,16775665778859107945
9543,train,352262129840739677
9544,test,18279526840396691426
9545,test,97621454796104418
9546,test,13542847660302606149
9547,train,5708612458558940494
9548,train,8414555063231423656
9549,train,1434824107293159785
9550,train,13454259982111971390
9551,train,435408350430687531
9552,train,2877639894391899569
9553,train,8458039292880640106
9554,train,4563920771685012369
9555,train,9136076639887824732
9556,train,5217216744622233171
9557,test,10279052410634318408
9558,train,5270160125290167436
9559,train,16073815535159745937
9560,train,14502684762193737300
9561,train,1019229279941478946
9562,train,2699747469944306526
9563,train,7221028778188778462
9564,train,6645362584336975788
9565,test,1727066732314246870
9566,test,10927169185114956608
9567,train,12554493565898777616
9568,train,17387632800962147963
9569,train,5777379753389901815
9570,train,15695126193884623567
9571,test,2752280485658877274
9572,train,15213625982802910520
9573,test,12857449465913677925
9574,test,14421957653822656707
9575,train,10722113037235091996
9576,train,1280341121939656085
9577,train,427624215849147200
9578,train,17216279644222240463
9579,train,18187073834955606508
9580,train,12135170093439753568
9581,train,2456571312736393949
9582,train,7626415274081301944
9583,train,14867034649427290526
9584,test,7327819890602698386
9585,test,4958164642890242386
9586,train,8068366852859505424
9587,train,7151465431282595258
9588,train,2249113512984907364
9589,train,18386998349997442060
9590,test,14888758485744735287
9591,test,18284737384784464963
9592,test,9098416406154249051
9593,test,6643476075375605710
9594,test,8147611869191510508
9595,train,8998396180880828481
9596,test,15980229228057537871
9597,train,7193387112975841472
9598,test,17088478337124793431
9599,train,3504837457186027654
9600,train,5380726496938560361
9601,train,4507631051774005602
9602,train,13431873916803414906
9603,test,8659024512314727924
9604,train,11865748711980428525
9605,train,3658428599633819627
9606,train,17640213281791109342
9607,train,2702709106494201406
9608,test,9684370954247244053
9609,train,2551814018215063745
9610,train,2021149605640451938
9611,train,4199259163798089914
9612,train,4890626262121910981
9613,train,5108857654759189022
9614,train,1520485226305398492
9615,train,2261052142917181617
9616,test,1891173677911062066
9617,train,9697026765463667279
9618,train,13080689660178484861
9619,test,11772674972527210374
9620,train,3095565062474880251
9621,train,16425683695510070549
9622,train,2495210133613291990
9623,train,10166210629781832686
9624,train,16618948650091037765
9625,train,14967741185833279489
9626,train,2536442601717891697
9627,train,6654231627601246042
9628,train,12608032054469460294
9629,train,859558329296530171
9630,train,14304457063765434333
9631,train,2233095405939323474
9632,train,9148138158281238090
9633,train,14156001307841424845
9634,train,12189909882992715985
9635,test,10902461124653295673
9636,test,4707980203020489284
9637,train,6726199406704267714
9638,train,4114471986603508495
9639,train,17225774995979528528
9640,train,1781126799990526949
9641,train,14369387167614394702
9642,test,17726800274479124905
9643,train,11561321185282736619
9644,train,10313402523263653048
9645,train,11349080501500611712
9646,train,9852748671656868667
9647,train,13977175246040850711
9648,train,8112039450875445223
9649,train,178348684387277772
9650,train,9463910932384025884
9651,test,15377759888776490149
9652,train,16055935710894582279
9653,test,1175325035994675432
9654,train,1856295205138633032
9655,train,6156320359185443415
9656,train,3732001433557262843
9657,train,13927035931944027839
9658,train,2418600480763660350
9659,train,15786452578948443956
9660,train,9682745985280045321
9661,train,1127999121225415478
9662,train,9109147673820830527
9663,train,4689325205490548800
9664,test,10352139601988082968
9665,train,701233570058630226
9666,train,456217641621901533
9667,test,8535808873477546357
9668,train,1093131297593345762
9669,test,6393307573656332774
9670,train,1502423736242168310
9671,train,9479657642281209545
9672,train,8801545731660769
9673,train,4747012360011032804
9674,train,8092362788141301234
9675,train,6838574551757997525
9676,train,15777793769761637817
9677,train,10926865193890948862
9678,train,4883987282107617406
9679,test,9837827368045196375
9680,train,5646933741655109173
9681,train,17290633369368490644
9682,test,92548187690015539
9683,train,18033375916796404598
9684,train,9158586841571062265
9685,train,13597740859369123084
9686,train,18253350264115189201
9687,train,1344969672854573222
9688,train,6720269314128037149
9689,train,18042894869811234429
9690,test,15801540343874508799
9691,train,6781002866953455458
9692,test,6661427042009678960
9693,train,13714149267028109201
9694,train,16640641586985750229
9695,train,15212513847263622826
9696,test,1950987759506749302
9697,train,13455160312816552485
9698,train,1220811015704768513
9699,train,10071364412657710434
9700,test,11767991608964856885
9701,train,1921983210121128443
9702,train,12165206601556843726
9703,train,8889527119520641801
9704,train,6734113898321480912
9705,test,15143997623645153170
9706,train,12701977250924998989
9707,train,4087599815471294544
9708,train,4475262218888602966
9709,train,11296256127991521225
9710,train,6465918812963374705
9711,train,17286264167463507910
9712,train,5364676308203233602
9713,train,4028117474503805042
9714,train,6645678209500995373
9715,train,1003264866224737125
9716,train,6872488411535419108
9717,train,9895236096008994858
9718,test,6319823692728175665
9719,train,1976614909650993665
9720,test,5731056418833340922
9721,train,17708750591723506798
9722,train,8970542091806622090
9723,train,13627957582658678091
9724,train,4986011325687626094
9725,test,5300178713053894933
9726,train,11743803902389566696
9727,train,13874849567437012603
9728,train,10057487828199881058
9729,test,16288730315193257505
9730,train,10484966199409034409
9731,train,12004771061216510555
9732,test,9346654954607723752
9733,test,6582881922232502048
9734,test,17325027644859477067
9735,train,16357135763775636727
9736,train,1725192447130358823
9737,train,13545249798351497788
9738,test,4596101519409517965
9739,train,8403372486294220111
9740,test,6397457341646916440
9741,train,12097642411037142648
9742,train,15140302627345931863
9743,train,2038056958635674827
9744,train,9550364070970091055
9745,train,13056377442736311182
9746,train,15012262306756113980
9747,train,10920723471461455529
9748,train,14813293220513909350
9749,train,8558787063137508207
9750,train,16041476170255770872
9751,train,3077819718130972643
9752,train,17291981824926237614
9753,train,9233050487926014581
9754,train,11456816035304792218
9755,train,5220156499300571886
9756,train,3563952976608693027
9757,test,10286528179159940038
9758,train,4074043222331802204
9759,train,371882941354564792
9760,train,14404170845047598904
9761,train,6335486655430896382
9762,test,7092956297291830848
9763,train,10485636210818917346
9764,train,18039755256119983570
9765,train,4182874333177859213
9766,test,902575901712957513
9767,test,3151450910642934977
9768,train,3494588024290917604
9769,test,15367622780526162250
9770,train,5228732128933907687
9771,train,4511828986602654053
9772,train,6977904842757941742
9773,train,6670509373571753725
9774,train,2106786792656494367
9775,train,15328086656789117376
9776,train,4342474254927912568
9777,train,5747022353489244303
9778,train,6519967214672363091
9779,test,17930477030196010435
9780,train,17922139678818368828
9781,train,11348865569446999344
9782,train,9754802660073319477
9783,train,2137793250474854351
9784,train,15650290417503396612
9785,train,14577025047012940276
9786,test,7441939502342732167
9787,train,18043618846084604899
9788,train,16939352032751253899
9789,test,14170941502763891678
9790,train,9522160139525568292
9791,train,11420170951552236737
9792,train,3372406679572740306
9793,train,5987898845952118847
9794,train,8040326908467557560
9795,train,6090286622412603955
9796,train,7984981213147369650
9797,train,11339696327186862733
9798,test,1021307369393743990
9799,train,2270101867754897576
9800,train,10792751213025153185
9801,train,15751966730732308050
9802,test,9789649241525528489
9803,train,159482622870900789
9804,train,1716699427738839742
9805,train,17438108317576952974
9806,train,5824318378502757170
9807,train,4245884772719545224
9808,train,5527796793680882677
9809,train,11655010994401602723
9810,test,13129820102696969777
9811,test,3337505369626937098
9812,train,14209431078598970176
9813,test,5967280278238338173
9814,train,8737523778356123930
9815,train,15157714747391774273
9816,train,6307726672826429489
9817,train,4074944544818815931
9818,train,568452308959296654
9819,train,8291417924463731748
9820,train,11186240717650291917
9821,train,2024423534402886961
9822,train,11083925526627345462
9823,train,8906211816450965338
9824,train,10901120559736212089
9825,train,15879579733475733333
9826,train,12116783969877004350
9827,test,2427807248106927249
9828,train,734978460476517023
9829,train,16736153639763493122
9830,train,4485507692095325493
9831,train,9900145162468434980
9832,train,4486696278976434302
9833,train,18079005123615918721
9834,train,14158016443056492454
9835,train,17930943741832828191
9836,train,9313592046104524552
9837,train,2630409197177471587
9838,train,7849765285068953631
9839,train,10923909311791287305
9840,train,6175864629863013208
9841,train,5929613890290577494
9842,train,9011744420187327131
9843,train,10769480120697314847
9844,train,2124466805768685168
9845,train,9532164396895884676
9846,train,1348325808486517015
9847,train,10402588396623151107
9848,test,4889825256190546236
9849,train,16506337752464437183
9850,test,9159072035022642353
9851,train,11116191670103469824
9852,train,10036534570120454279
9853,test,13075217975722457718
9854,train,3436565872999390984
9855,train,6711872730593790403
9856,test,16148714324776318828
9857,train,2546315345265431458
9858,train,9273922843369140253
9859,train,13017045644052397765
9860,train,10913918373122533138
9861,train,1114724439629748878
9862,train,12684199893695056190
9863,train,7908518521301039601
9864,train,12139966010852053129
9865,train,10562635537233869808
9866,train,1330904412976939782
9867,train,1455813484619931301
9868,test,11080545058718093973
9869,train,5145006801665382182
9870,train,2088680520148160986
9871,train,9528656984885429494
9872,train,18097889062369108655
9873,train,14095756227774783625
9874,train,221616326489527460
9875,train,18125930684687170255
9876,test,16619458875070630830
9877,train,10237310486116319093
9878,test,5387056316928858243
9879,train,14342977465274230129
9880,test,8113356194618949494
9881,train,9250259183704154110
9882,train,4156503694388381281
9883,test,7476844804089743637
9884,train,17603446262813159365
9885,train,7108278304358886818
9886,train,12819336687359996530
9887,train,3229894038466764943
9888,test,13856154970589416809
9889,test,17444776638837595862
9890,train,1541508773777432642
9891,train,3767194245662761173
9892,train,3266384936891983217
9893,train,5203615640051301629
9894,train,6377285895178946492
9895,train,9638747497406933822
9896,train,5685975194260983327
9897,train,18247902377098658888
9898,test,2953442915894784541
9899,train,12469485543950387618
9900,train,7363499203722149360
9901,train,6524522965310717741
9902,test,5060254665635264042
9903,test,2667144787039810697
9904,test,9374091168765897129
9905,train,9483903695881055867
9906,train,15079806761627762278
9907,train,3162592627872934228
9908,train,1422731937127620029
9909,train,2768268558212771089
9910,train,17668308030185984318
9911,test,8115974684315334954
9912,train,14103830987053464577
9913,test,7883914057619608717
9914,train,8427665103186103654
9915,test,7668144674624381425
9916,train,2411952177286982999
9917,train,6479907228444335074
9918,train,12026721669620085125
9919,train,8774970710897706084
9920,train,2526294893759644758
9921,test,12888271920972475193
9922,test,7749578770175756248
9923,test,9348830063692539158
9924,train,6760092282564708081
9925,train,9798791518640404169
9926,test,1386267236635558246
9927,train,4473673749786040594
9928,train,3559919832431559522
9929,train,3455799868769239189
9930,train,16452393277536732021
9931,train,4706488741692307908
9932,train,9239555402764136602
9933,train,13234383859297426353
9934,test,662639839539839097
9935,train,425048373292794338
9936,train,14333973581381444022
9937,train,17695766106643386410
9938,train,10654973570763199043
9939,train,10846641960789754389
9940,train,13439674066937649408
9941,train,8900282209867469299
9942,train,16707658479844540410
9943,test,16618853858807878369
9944,train,15470365966303381334
9945,train,973028966054861856
9946,train,5581810636235211427
9947,test,18353034819938236027
9948,train,1400462563455997136
9949,test,8419046044801752700
9950,train,3413748431059036140
9951,test,10812382809632115927
9952,train,14449263829506046775
9953,train,16862629005652213186
9954,train,15540415710478231952
9955,train,7393438997122851171
9956,train,3214679336569337071
9957,train,12982847475972600140
9958,train,13420450871743645152
9959,train,6764534451412947220
9960,train,11601689739779813957
9961,train,3159483284454987995
9962,train,4440836083823828914
9963,train,17544988903030092457
9964,train,10202616814311588804
9965,test,14806403049816730583
9966,train,17138177868858630891
9967,train,4951169388967608050
9968,train,4576590913764378481
9969,train,14862249564649381678
9970,train,4045569006223088050
9971,test,14090160727073856752
9972,train,673501123110646081
9973,train,14535874397631404211
9974,train,3333234582570357318
9975,train,8652306016792995418
9976,train,8797758787525113
9977,train,16317225428257448309
9978,test,15608634489341429514
9979,train,9933196394764831766
9980,train,12005460553199997133
9981,train,10413138627684506106
9982,test,2134619624119449064
9983,train,4285675233090462281
9984,train,3313183341533823770
9985,train,963720247571560179
9986,train,14271032686199365073
9987,train,16112639922527039902
9988,test,6189410182444898476
9989,train,9560808580710341506
9990,test,4637023342424102697
9991,train,10965807053035225297
9992,train,15910173387986602674
9993,test,5584219983809809670
9994,train,9099542841272264246
9995,train,1755374287640243829
9996,train,321865610649492929
9997,test,11713777406056114748
9998,train,4918089690665129914
9999,train,9125736047275749573
10000,test,17511866307848866869
10001,train,6645722527825466882
10002,test,11744382764228822606
10003,train,7616271028941067854
10004,train,2120669598086900339
10005,train,17510420224962066541
10006,train,1184138276787192840
10007,train,17202542440411888751
10008,train,1625186339923951562
10009,train,17854719322528218769
10010,train,12070924687814187767
10011,train,14614732987821755345
10012,train,7457918622045500834
10013,train,3095413767916940506
10014,test,4857466190287103137
10015,train,788992884531590653
10016,train,4537929557302266893
10017,test,2937388382224564534
10018,train,2012807441781855514
10019,test,18048607948637471967
10020,test,12353507139216098465
10021,train,16904883453952153398
10022,train,6900573101435194222
10023,train,8678250036461916993
10024,train,2798672093448222309
10025,train,14252008526726094645
10026,test,737251565473086864
10027,test,824686291916579374
10028,train,16647897471985746147
10029,train,13915991567109987444
10030,train,16966000682541476857
10031,train,13241269763108518442
10032,train,5765052310576405467
10033,train,6861910599547721182
10034,train,17119735693755115801
10035,train,13473449372690098970
10036,train,9945839034481348298
10037,train,13567098473728397248
10038,train,17209547810516002933
10039,train,13359942783511854455
10040,train,12244505861792131630
10041,train,12173453583405709290
10042,train,16868505410086579213
10043,train,15633024242601224633
10044,train,6097551525626498562
10045,train,12905198282026794390
10046,train,13448272880639020549
10047,test,9690929973741868170
10048,train,12453212321336169924
10049,train,11386772875147025873
10050,train,1854053409492944838
10051,test,17399517492020392471
10052,train,12180775909355504325
10053,test,12566740177057732202
10054,train,9672013501342483535
10055,train,15127086455368357557
10056,train,2642139520195202410
10057,test,17594601666637691954
10058,train,10667010868843434277
10059,train,10482975156189955417
10060,train,9412338913508301385
10061,train,8500375190257130438
10062,train,9837661855434060062
10063,train,629236074952992987
10064,train,16033599955488690501
10065,train,5705364350751780274
10066,train,5063417622874526230
10067,train,3723510482604681041
10068,train,374354746909427533
10069,test,11528807801714050465
10070,test,3544740884023304656
10071,train,16729113900344972450
10072,train,13225352010609057979
10073,train,6662784619247507996
10074,train,11028069103708277977
10075,train,18411034258201215142
10076,train,6139757396675396738
10077,train,6305559861993679676
10078,train,8607907242096426403
10079,train,12257226895265172267
10080,train,17392324740946151532
10081,train,12778050234305930224
10082,train,1228158907605114720
10083,test,11300177840673252463
10084,test,17042715677811963795
10085,train,14619244772231618146
10086,train,8653779141429082008
10087,train,5803253005571974935
10088,train,13625494811031003603
10089,train,18141127456476901476
10090,train,7229209548469828384
10091,train,16163915157346700120
10092,train,2412556309303654381
10093,train,5712465322938771515
10094,train,3857065564959340002
10095,train,14310908393926149965
10096,train,13047624578267736684
10097,test,17711256412688595855
10098,train,14974485824347568571
10099,train,16491756792900586450
10100,train,11738930999693375777
10101,train,16098573082891558070
10102,train,16629358437883084522
10103,test,15491213677187701491
10104,train,16102118714831200306
10105,test,14020620109794948140
10106,train,4607320496705876504
10107,test,2571937274089354268
10108,train,12447614338740775874
10109,train,11088117901965001616
10110,test,9140694913283190614
10111,test,13171698223841603674
10112,train,1390009758363817409
10113,train,16433984105380488245
10114,train,8240446106447690389
10115,test,9420193357374185888
10116,test,1927515384738589050
10117,test,8302464455914830179
10118,train,3923279009171485673
10119,train,8248744526408782998
10120,train,9987263921824305903
10121,test,3510925635804400710
10122,train,14238460835774963817
10123,train,9003265385462167554
10124,train,4126935385325013370
10125,train,10682280304853108844
10126,train,3551209666102126765
10127,test,2128347202143663035
10128,train,9722212969115098398
10129,train,7523245407735937206
10130,train,10266872937208047221
10131,train,5396078057360671553
10132,train,11785156272492678722
10133,train,17400242708765981266
10134,train,1025385415025594469
10135,test,5009884815359704086
10136,train,2509662583230528796
10137,train,1128569784170907729
10138,train,8001566236127752322
10139,test,11049089367358240975
10140,train,17347956283711866685
10141,train,7866116357454992982
10142,test,18065413960962915380
10143,test,14901328696011019613
10144,train,8628443395110059798
10145,train,2031447192577639761
10146,train,11123551481419001957
10147,train,15759070810416028295
10148,train,17360532635777477534
10149,train,8269281434302690636
10150,train,10662571727103731233
10151,train,2815271771891775037
10152,train,18242635763780677574
10153,train,12447248522828879738
10154,test,17595775236793272269
10155,train,8390522563962608257
10156,test,12776806883848211690
10157,test,14314643405357389341
10158,train,7497645569285867887
10159,test,13141733769186526430
10160,train,15983815773921066909
10161,train,14595597302357739204
10162,train,12937618710062912910
10163,train,14577568343335289897
10164,train,7966529905426405040
10165,train,15473648282401293821
10166,train,16378344107153648698
10167,test,10786802940318356537
10168,train,6250506471822912121
10169,test,8486287521622496828
10170,train,137251271361864353
10171,train,17746122835063927759
10172,test,1610551836807889695
10173,train,6052382196656753707
10174,train,643154180513060301
10175,test,5886361368566410871
10176,train,10409800443931124397
10177,train,620410234239370497
10178,train,7522093403419053806
10179,train,1219899875260036058
10180,train,12203554429515659494
10181,test,12030991057049084599
10182,train,699225669766893261
10183,train,13491977809942954148
10184,test,6377141459379978262
10185,train,4356368327775407841
10186,train,6460295248994615767
10187,train,16297733653097320574
10188,train,6915235942608322925
10189,test,4721702155542774881
10190,train,1938310077352074705
10191,train,11166083049120177770
10192,train,13056126929528386790
10193,train,10957267489779016791
10194,train,12590047108779073329
10195,train,8973860778631851514
10196,test,4763178729124285694
10197,test,12625336642806305629
10198,test,4936084668005546617
10199,train,17153872271817230825
10200,train,2840701749238878276
10201,train,5844061248289870854
10202,train,4860754313340373415
10203,train,10894778507242400260
10204,train,5305298304412130917
10205,test,3504189125624316362
10206,train,2880645588486525544
10207,train,15233223114287347873
10208,train,2456716895781022378
10209,train,15377896809238489005
10210,train,17311855099737806921
10211,test,15837834548132507667
10212,test,12863418157915737986
10213,test,5827361131331519088
10214,train,6047765708984412829
10215,train,13535043584693149833
10216,train,18213310803998035322
10217,train,3210615295332814246
10218,train,5242197738626889793
10219,test,299935055034243765
10220,train,15237595248315279942
10221,train,1567654030176217065
10222,train,17166040602012548603
10223,train,9233817958217523362
10224,train,13661983197485942825
10225,train,3714365885419889200
10226,test,16747952705879016370
10227,test,11727046912671442445
10228,test,11055142352215776303
10229,train,2863119247615455890
10230,test,2063109969051153649
10231,train,7617995469147275550
10232,train,12567788796979757010
10233,train,12329268964766381132
10234,train,16551778951558019681
10235,train,2286552259877067311
10236,train,825581319857567686
10237,train,17474524548572595382
10238,train,13943622123629670057
10239,train,12636960606270972949
10240,train,4459138008335620602
10241,train,11236724760022512882
10242,train,3707603380221952317
10243,train,12670315720141758294
10244,train,7241003757038528584
10245,train,10226645181936398713
10246,train,14641022400328700094
10247,test,14587748214439599939
10248,train,10637938856391714033
10249,test,7769851553816210274
10250,train,5041644676847925468
10251,train,7785445376239982197
10252,train,7869140672504417390
10253,test,15068565961883790913
10254,train,13926435981465618933
10255,train,1814489654106065396
10256,test,2453079884748347597
10257,test,14317633435558020019
10258,test,1809788563911506375
10259,train,15924152627251921619
10260,test,15133850064585771109
10261,test,8405989206144713839
10262,train,7383968143555387545
10263,train,5358935578262749781
10264,test,2108914797376242742
10265,test,17381274368947643698
10266,train,10076439348942769002
10267,test,14481507527202668047
10268,train,15738896397694291493
10269,train,1991724323060501580
10270,train,6967218850358942030
10271,train,18098406638418350137
10272,train,17154626661723437276
10273,train,2898261953561578078
10274,test,15598910889485664497
10275,train,16056987603987011081
10276,train,7187394073343366030
10277,train,4514976520222128946
10278,test,8520275353289986402
10279,train,11923534557823096589
10280,train,17713088522139890517
10281,train,5871655036258309192
10282,train,4154632482754645286
10283,train,13948041058523351801
10284,train,1934986252691701909
10285,train,11308122984532273178
10286,train,6905651823119760342
10287,train,11419206493502357162
10288,test,10137080362697424475
10289,train,11304904371772550881
10290,train,3039204216694593856
10291,test,15862823940060402895
10292,train,10249765482983765682
10293,test,4361678658678521221
10294,train,14091363511030886994
10295,test,225932416225246519
10296,train,12369413990360315672
10297,test,3236718999827171771
10298,test,14031995735033268351
10299,train,1632283351569176130
10300,test,1219790494568399223
10301,test,16307815933043090665
10302,train,12311109687680586365
10303,train,3413060242752935797
10304,train,12839053330941933127
10305,train,17897322539667437029
10306,train,8594908529710931851
10307,train,7865293116364818899
10308,train,14748327998669086984
10309,test,11081236373747217404
10310,train,5939439543115316732
10311,train,9253834949566128777
10312,train,1207884789158439995
10313,train,8602443155393105262
10314,train,15332313672475522944
10315,test,9528211121165518151
10316,train,13790944637574810697
10317,train,1598783623283199760
10318,train,3235163651066661183
10319,train,10688147725236031772
10320,train,7403956465233659568
10321,train,12380718265924112585
10322,train,16439420782434156296
10323,train,5408626046651588314
10324,train,14920304129570468070
10325,train,3697832676119731970
10326,train,14969606507700565472
10327,train,6466212488712794062
10328,test,10888153728870472596
10329,train,17535685010125217560
10330,train,8435227662827402151
10331,train,2421556168514241043
10332,test,3679458383094848363
10333,train,12014151109162666558
10334,train,1898132713749939312
10335,train,13071325954300520753
10336,train,8889745282116963455
10337,train,9553509504197063940
10338,train,12709164461784740629
10339,train,6718081245514201659
10340,train,3604481660266055112
10341,train,14800042606352389008
10342,train,6450340270723364043
10343,train,15747355583415445063
10344,train,3207927308619004119
10345,train,5096056277340077628
10346,test,12063202473559420428
10347,train,3315975617894939201
10348,test,12256636870529450131
10349,train,16370706667044756984
10350,train,2545272710359230972
10351,train,18044779546690235527
10352,train,9179429900772667467
10353,train,4302341584233010767
10354,train,13906902705114815438
10355,test,1221711331101382952
10356,train,12697400015473897113
10357,train,17883881775822658202
10358,train,8766568372355236687
10359,train,17789129343043086740
10360,train,10049694306530553702
10361,train,5859212495320244987
10362,train,14828104640009418376
10363,test,14890454111777137487
10364,test,17255833462281605183
10365,train,15502165407056231929
10366,train,16332954920817346588
10367,train,509296441888738970
10368,test,11181711934471258715
10369,test,2823311953249947983
10370,test,1907927296458178436
10371,train,1717606171595601272
10372,train,11780566352085404743
10373,train,17771505358094876499
10374,test,8341870689519507180
10375,train,2430364294216491887
10376,train,12246449770250945613
10377,train,15992794483228067888
10378,train,15490618196837817715
10379,train,9971401364785220730
10380,train,7221795545125619916
10381,train,121120801189622367
10382,test,12955426610554990337
10383,train,11690560468229348188
10384,train,11900884323183894179
10385,train,2519782445813183216
10386,train,13194122506329477348
10387,train,2175852216856925449
10388,train,5790977947489696748
10389,test,3823781947941968458
10390,train,12059389532221551958
10391,train,14284047018107663134
10392,train,7630583749582388524
10393,train,14116595015366324110
10394,train,17439818955979341712
10395,test,11752245387406977056
10396,train,11691977551521805795
10397,test,1185142666599856503
10398,train,14342446796183871783
10399,train,14360420168137932098
10400,test,11200002303770557680
10401,test,17432931438216190501
10402,test,835653891532751723
10403,train,17723354426220148748
10404,train,9347261928733613323
10405,train,8741809723243572778
10406,test,10705067658848811481
10407,train,8128492892492315098
10408,train,14850066941832262240
10409,train,17921693737098832345
10410,train,4660780066812465211
10411,train,15471167157572598414
10412,train,8304416860342318762
10413,train,5569006570331087105
10414,train,3772893456464098125
10415,train,10628279217998244226
10416,train,16554706396190725046
10417,train,15829659583504846373
10418,train,3411765354761085450
10419,train,2853373812545764896
10420,train,9353799782793613473
10421,train,9932691215613849602
10422,train,6115327855704294395
10423,train,7482864611954323817
10424,train,346273508946667430
10425,train,9187363995616136479
10426,train,7933830108457012377
10427,train,8670282955533418986
10428,train,7640286410095505634
10429,train,14058436281879239145
10430,train,6198196208057285189
10431,train,15515651938202897365
10432,train,10592613387702565214
10433,train,8441675290019923682
10434,train,12327548067903317279
10435,train,3276388576533813377
10436,train,17828492517160994174
10437,train,15124012213192975894
10438,train,4129138987011592297
10439,train,11774335218599710701
10440,train,9631196073324353213
10441,train,4230863172444318168
10442,train,17503127938186017838
10443,train,14518781311424493099
10444,train,15394755394161127964
10445,train,3528110297260099585
10446,test,2332272533053761354
10447,test,15635529473424925070
10448,train,7970155082650510087
10449,train,4153089443598747848
10450,test,5024489622911548019
10451,train,7696443584459391511
10452,train,4634127726453782710
10453,train,10089165536507071887
10454,train,15516281362071286485
10455,train,9808815234940364393
10456,train,17438272282925071365
10457,train,36094636890367895
10458,train,4088630419217882929
10459,train,17959647151169356091
10460,train,2592805577412987431
10461,train,11825005474973957888
10462,train,473290297133509132
10463,test,367906894775943060
10464,train,10541154822824751361
10465,train,9424427485781624263
10466,test,13955983533114703934
10467,train,10761482295087966776
10468,train,624474098703564603
10469,train,11816927936656587473
10470,train,16920023826338608492
10471,train,5701436236694876679
10472,test,1255679215302399048
10473,train,15505277196953461416
10474,train,6902846699679180357
10475,train,5798697139590509788
10476,test,5055047779641455824
10477,train,13176790281931086459
10478,train,10541627955494643399
10479,train,17211494588370510227
10480,test,2828233574949332186
10481,test,8786364116279052783
10482,train,6774032423601698260
10483,train,11669980701795867061
10484,train,10587927618237659779
10485,train,49812533827797592
10486,train,423047361641266778
10487,train,18061197799115129272
10488,test,15541584383972770159
10489,train,140352338696530631
10490,train,1198214795474550696
10491,train,10795317871884516348
10492,train,13950862104676964780
10493,train,3404228473282674955
10494,test,9450065454086577207
10495,train,4669751336370473850
10496,train,17773669887148539968
10497,train,12502845537981470843
10498,test,3587119223014949979
10499,train,17847174838523985176
10500,train,17691992963797406548
10501,train,12579163838567941396
10502,test,18031290171477566809
10503,train,2563273764067845523
10504,test,11741589037062391718
10505,train,14867912116305978901
10506,train,10396827407048889392
10507,train,850101344233682759
10508,train,14729694151857322523
10509,train,6891688741214614654
10510,train,2784584025723223353
10511,train,8708120386487431586
10512,test,12150103523474582882
10513,train,16423314228180479791
10514,train,1372508716845643946
10515,train,4829637912998928732
10516,train,14499398407956253500
10517,train,14120463520122161080
10518,test,11766579943263216334
10519,train,220389307937771316
10520,test,18194774737987894414
10521,train,8623024679284244794
10522,test,17753624023663659733
10523,train,4763382647120195289
10524,train,6105245484653097357
10525,test,10261201925227694908
10526,test,5357488964519833662
10527,train,10171180493921566055
10528,train,15210964989096694845
10529,test,5305867874287234362
10530,test,15848568804102282394
10531,train,17540745183112113731
10532,train,9413584062076787820
10533,train,9053553054934068519
10534,train,10834587896700714411
10535,train,2252387788219325018
10536,test,5504385915331785875
10537,train,12518277724502540695
10538,train,2185583644872453291
10539,train,12636078904483345820
10540,train,4628683616955679808
10541,train,7148579518744956208
10542,test,11623575052109827877
10543,train,11757579016791025715
10544,train,10757026201915383426
10545,train,5796757172919416036
10546,train,4797191779530510383
10547,train,673183845193727020
10548,train,14207898531359233146
10549,train,12917095899939891321
10550,train,9711465807199401265
10551,train,15871730152107185002
10552,train,10039971817123007654
10553,train,11847294921613812054
10554,test,5900098820778704813
10555,train,14218552103531051425
10556,train,3893815778224827212
10557,train,1342987103836786498
10558,train,16618410607385629309
10559,train,9545100592162918309
10560,train,11474200337449580922
10561,train,9595071953268112030
10562,train,13742208922118767934
10563,train,15406155011722821563
10564,train,14248878941363160573
10565,train,13717696259925275624
10566,train,2857918448649888031
10567,train,4093198683561787090
10568,train,16662219095964582057
10569,train,10917459868474398613
10570,train,4947079195611754156
10571,train,9011515423539433051
10572,train,13609863765266355712
10573,train,7292801415109358284
10574,train,359950585045700013
10575,train,18352607956026888772
10576,train,4732659314715728854
10577,train,16124342775054881762
10578,train,9625388697801025502
10579,train,234035840887653372
10580,train,17014286352206084682
10581,train,315471633348578056
10582,train,2412499548350804300
10583,train,5231071894097527667
10584,train,4429142641743188551
10585,train,7048602569360119679
10586,train,14019053604358074946
10587,test,6241435979402962876
10588,test,7110847957836895333
10589,train,800213669497953067
10590,train,3103568702948021096
10591,train,17251939541833703233
10592,train,6160281903149102407
10593,train,16501146865654729663
10594,train,2609546681880454971
10595,train,1991459477834930541
10596,train,16190158563930314727
10597,train,9101086084495288231
10598,train,17265702119302763049
10599,train,12749899068891754190
10600,train,4275400715525762198
10601,train,14052965144318239769
10602,train,15292394786157982469
10603,train,18135751199522348085
10604,train,12723308509404267682
10605,train,14142711712290961442
10606,train,11390644326219573547
10607,train,15041366229841278541
10608,train,17933584703068400910
10609,train,1589627387095417134
10610,train,1573149045999586773
10611,train,3986631499233354761
10612,train,17250902454353467981
10613,train,2698740102109122108
10614,train,15470457460152424178
10615,train,3471388270680308983
10616,train,3213752005754708532
10617,test,16376588544726193693
10618,train,17833573542076665806
10619,train,14983174761881772787
10620,train,17577399188557898605
10621,train,8654361938044851042
10622,test,9271343484706781978
10623,train,15457769231204370717
10624,train,13495989309969483201
10625,train,7566112800206261489
10626,train,15429705774635947502
10627,train,2986110104018798342
10628,train,6007754067787459055
10629,train,14621019269640008665
10630,train,12548205914649455402
10631,train,677722869542789186
10632,train,8421564355700184889
10633,train,11248466341183929733
10634,test,13470328085633285625
10635,train,8996830275433955016
10636,train,6691747537635905694
10637,train,167549882402532259
10638,train,4144730472923893320
10639,train,5790960453674075153
10640,train,7082389292598799426
10641,train,11217980308868358354
10642,train,604096069231577983
10643,train,6084872638756846444
10644,train,9521063514284318227
10645,train,1382462757680973275
10646,test,10731628891322461565
10647,train,4543373412983421128
10648,train,2128908464213195646
10649,train,10994349604316063447
10650,train,4061434202206730067
10651,test,1455579280728155488
10652,test,14417071904562759460
10653,train,16519452220785298835
10654,train,15938022857966229703
10655,train,17555026817092556688
10656,test,956566504693986803
10657,train,2480438430752836577
10658,train,14927598343612150820
10659,train,1093611444925801839
10660,train,17314954617848587990
10661,train,13506522131004977016
10662,train,17253263638260004987
10663,train,2470873910466136530
10664,train,11164960339129269267
10665,train,6397824511780960288
10666,train,2048958236132348223
10667,train,16250211043782153631
10668,train,13970061595484140822
10669,train,13946735663951877479
10670,train,14512768885349476305
10671,train,3927172459588142329
10672,train,14343939091811949761
10673,test,10354520858886974627
10674,test,11954815537854911697
10675,train,8939098469189182291
10676,train,3803628696719616099
10677,train,10535374383549762612
10678,train,13128325778095093424
10679,train,2584368760442176940
10680,train,8002802667996549501
10681,train,3131145999413271271
10682,train,7459266661348333266
10683,test,9756251329853659868
10684,train,3637357195163635947
10685,train,5480016776154596433
10686,train,2618119247257409655
10687,train,5269270726054393520
10688,train,15876090156549548080
10689,train,6495421301357486901
10690,test,16287271604024782330
10691,train,10981974398336855596
10692,test,10490358464843623184
10693,train,6441713776590249507
10694,test,7842964262645359303
10695,train,4653951344629461979
10696,train,5580853961210576578
10697,train,8702778031840342820
10698,train,1793009781323857909
10699,train,15916327789283430539
10700,train,12190567998576893600
10701,train,12064530706133014870
10702,train,942849661970732263
10703,train,9810738863195241488
10704,test,17761481520254947795
10705,train,11931567058586269567
10706,train,12694077503283505774
10707,train,17131876752042845431
10708,test,1586410787058981501
10709,test,4266141813361443041
10710,train,17164445822168950789
10711,test,17568878798411497751
10712,train,17642908676274107049
10713,train,11175239974148976419
10714,test,883301712903361839
10715,train,18075107723709466528
10716,train,715970413786217868
10717,train,7119038303591649660
10718,train,11879946268760957793
10719,test,13959932096062043615
10720,test,3679180050869440318
10721,train,2903237887312424696
10722,train,16287180015881998755
10723,train,15494775448435273958
10724,train,509038362756749399
10725,train,13372932223141677856
10726,test,8497750715984125923
10727,train,12648550480121202015
10728,test,3171697855166172422
10729,test,10304656185570730857
10730,train,12449780248641706355
10731,test,5269812587793393999
10732,train,3788048195518037232
10733,train,10624234549645900284
10734,train,15044442699592355244
10735,train,6081215417552428257
10736,test,17910919534103434871
10737,train,17957168809845611326
10738,train,15300778322395816248
10739,train,11055939705877928827
10740,train,5457115845150231512
10741,train,3557861346240418913
10742,train,18191091543768500930
10743,train,15152776465831881125
10744,train,12724442109495321465
10745,train,4605506724861283840
10746,test,11114449581738453301
10747,train,15322128146971977161
10748,test,3446085029203765606
10749,train,10146873714530298630
10750,train,12255171702744860217
10751,train,273558869105007648
10752,train,2949623862949605210
10753,train,3637234000597780645
10754,test,8520273060530740177
10755,train,7638256191957366524
10756,test,6914554115627700651
10757,train,14269512250881973688
10758,test,9467444400787247604
10759,train,10275111073162393742
10760,train,10233694302014806051
10761,train,6299227001012138641
10762,train,2288737148208496152
10763,train,11618876642413285456
10764,train,6006440833833221227
10765,train,16992429774752714071
10766,train,13571985949659911644
10767,train,11299648625844990876
10768,test,1271929330198316087
10769,train,3512447533213011248
10770,train,6220289897607010890
10771,train,2581741670576235059
10772,train,9099295265927330872
10773,test,3322217362503496997
10774,train,16746083878965259891
10775,train,7621456073195031052
10776,train,5107372945862840627
10777,train,1938176541056660069
10778,train,5781135723762235939
10779,test,17202755052394687799
10780,train,17143905054193724563
10781,train,11910456458712881097
10782,train,17947376602472961314
10783,test,12664298228094962694
10784,test,6566103252093275521
10785,train,7104103020808725985
10786,test,2337125055335253253
10787,train,9793179078895667104
10788,test,16242740631893757056
10789,train,12015254058425871905
10790,train,14598383703178691094
10791,train,6554442676248434641
10792,train,4024191996870183388
10793,train,11452972472539427621
10794,train,4809245919056044473
10795,train,10573426726573757297
10796,train,1724766594568409943
10797,train,453853981659590167
10798,train,6278218820267968525
10799,train,11320582639614353667
10800,train,6891167771465254213
10801,test,10316388939791706313
10802,train,1892985538085838125
10803,train,3934878703474556527
10804,test,7435139735981186816
10805,test,6611735345383287740
10806,test,6295715974167841463
10807,train,14444851770455123251
10808,train,16641061863628728307
10809,train,16987249737549173038
10810,train,7680034733637412026
10811,train,10538517708419504247
10812,test,2777573028840275080
10813,train,4842233129091316583
10814,train,3255979803042617826
10815,train,6195957466004535251
10816,train,1472162593310555795
10817,train,16307779328771762823
10818,train,15309200221433717641
10819,train,8698747013692599277
10820,test,18381581955801085659
10821,train,6572958331262435229
10822,train,3074038162486346985
10823,train,12831628400236927620
10824,train,13539469909583743765
10825,train,6485060357626641976
10826,train,10632942482328331124
10827,train,1655385409843159242
10828,test,11906584659192374180
10829,test,9054174355209938912
10830,test,16675061750996645780
10831,train,175384706990089462
10832,train,15847220325426870989
10833,train,9344788424435250697
10834,train,7489298612201200590
10835,train,12481012684972210550
10836,test,16427638085807675322
10837,train,17226504288542790391
10838,train,11108317662241015839
10839,train,12766532020690186078
10840,train,12269585702494916649
10841,train,3547092797639398254
10842,train,7843713791062736203
10843,train,5510804177485174554
10844,test,7252127938150312046
10845,train,3558036752375618174
10846,train,14354116682761075360
10847,train,16140325095711941504
10848,train,13270911280196705815
10849,train,2517328838799068644
10850,train,18085843027681379257
10851,test,9110466581224791719
10852,train,13726713085299198393
10853,train,10998109373612319981
10854,train,18305919405074707609
10855,train,9968565226331467771
10856,test,2548718192129203724
10857,train,12967140286366609872
10858,train,10308779852098951411
10859,train,18329585936493888631
10860,train,7896666714352323849
10861,train,11775261483289503653
10862,train,16833760616372716617
10863,test,8718387155787251550
10864,test,943463744058862657
10865,train,10335950508777888085
10866,train,2987506756314226135
10867,test,14191985810759077111
10868,test,6194895499337251218
10869,train,4370966290298704494
10870,test,18298105696417994099
10871,train,10929353158143550332
10872,train,2061337893721426467
10873,test,11823334929297181144
10874,train,3050432500478625809
10875,train,16612486997265830564
10876,train,719557383314735966
10877,train,5094836475460396439
10878,train,17859226347285064511
10879,train,9114263635803154339
10880,train,721082346818129357
10881,train,2998859646638685417
10882,train,1487493639642515652
10883,train,18180315715104571094
10884,train,13441247021689009620
10885,train,1936532512780574328
10886,train,14499404738214296356
10887,test,3170533889816226794
10888,train,15184275809185245509
10889,train,16724996651102017134
10890,train,2483080233323452068
10891,train,15787210447800306352
10892,train,15306399952045314982
10893,test,12807724850484804078
10894,train,389848020848788307
10895,test,6829512004937625711
10896,train,5204247264909475201
10897,train,6943813548564692781
10898,train,15050448858933971548
10899,train,6242782089426503497
10900,test,5471668994207371662
10901,train,6161472340483603390
10902,train,5467585844158324472
10903,train,12146187872937311100
10904,train,7862122691402376223
10905,train,3433717137297689601
10906,train,7873427605364143811
10907,train,10443144950130287995
10908,train,1342733722990170495
10909,train,2378932442298837149
10910,train,17430599661738931602
10911,train,5086258016219756293
10912,train,10036211789902730259
10913,test,1732157273351777171
10914,train,14880927999413604545
10915,train,17149884297315129733
10916,train,12887653547508502044
10917,train,1569184591398709332
10918,train,1627394493055374814
10919,train,9779364002777631418
10920,train,9749860866157504499
10921,train,418197409428998502
10922,train,6510188347603790245
10923,train,7153279241892860069
10924,train,8265549441013509147
10925,test,17681100304197042239
10926,train,15743265776879092898
10927,train,15817106516166532253
10928,train,11279435251619204528
10929,train,11629144374672882178
10930,test,4970534758299529944
10931,test,8097857731190625460
10932,test,14951166958614508688
10933,train,4954973855600881174
10934,train,12707725332002018889
10935,train,10381287181586375368
10936,train,10814612942428655123
10937,train,8164331019070089632
10938,test,7742716537546281308
10939,train,3002620719844379082
10940,test,11549746251199335810
10941,train,12251202550601023959
10942,train,1794243464702028195
10943,train,17449190204600824221
10944,test,7051865181638976546
10945,train,9417949598071071402
10946,train,404174586715409684
10947,test,597719035701904016
10948,train,3476190796074339079
10949,test,8343800352278441192
10950,train,13373673649210869505
10951,train,15386813537518056691
10952,train,4527725896238553565
10953,train,2462813940457772829
10954,test,4035397903995717601
10955,test,10519386839968507071
10956,train,3504099109478024828
10957,train,1286288350415122157
10958,train,7578365535735769966
10959,train,11322148932758443685
10960,train,13071315047473206149
10961,train,6680445730970514043
10962,test,5898548734492677991
10963,train,9464029975340441982
10964,train,2230236490007727414
10965,test,3580988375190985616
10966,train,17332342260469774471
10967,test,13005609990480969095
10968,train,7882886718519371645
10969,test,3397747132905481329
10970,train,9406606619304362019
10971,train,15410888265523979477
10972,test,9457603797127329895
10973,train,2486719389250529367
10974,train,14964254852077686467
10975,train,11547146173710131321
10976,train,17508250098696125010
10977,test,1250402396670865958
10978,train,6181133299214493281
10979,test,7809927501053088085
10980,train,13791052189600354409
10981,train,18441759696971593808
10982,test,13027964107747395952
10983,test,18062440678206237701
10984,train,15130298840945803890
10985,test,1736026921923484085
10986,train,2876339160302281948
10987,train,12496517958677336265
10988,train,12207669682580458985
10989,train,10408483712885373777
10990,train,6664003802287540215
10991,train,7327050413083032315
10992,train,9924894865348009403
10993,train,3780112181641767477
10994,train,8432738224863823187
10995,train,12994968612510664263
10996,test,17007034163596513115
10997,train,14553150017728807281
10998,train,13169010666071990130
10999,train,3106799036082058526
11000,train,9991568840482358041
11001,test,1126565772536784001
11002,train,15281851039248190341
11003,train,13030135515784979784
11004,train,3396550619868062792
11005,train,6243719119918261545
11006,test,1810473683968079694
11007,test,14533221839596981145
11008,train,13854991897320149884
11009,train,2291172573031445349
11010,train,14859842451844076865
11011,test,6580666907157936905
11012,train,10723903483337512487
11013,train,13709549588106565663
11014,train,553181638010516484
11015,train,13120539148285390466
11016,test,14249544249604681296
11017,train,11666221090143090128
11018,train,6677103431208211684
11019,test,899178581290014910
11020,train,9983499030628337797
11021,train,13261539860603949537
11022,test,13826213942975557542
11023,train,4193937226001406386
11024,train,8534665567278591766
11025,test,11728188815847353983
11026,train,14003570003705024687
11027,train,15239853065413749370
11028,test,17373131558379644797
11029,train,4261211279582701962
11030,train,6609098182938450547
11031,train,1865188703969721270
11032,train,17419279532618927870
11033,train,482604870437063766
11034,train,12087784784292766288
11035,train,14611793265470501868
11036,test,8673005636060401770
11037,train,18404253485965335836
11038,train,5632701018700666986
11039,train,16846880196504965846
11040,train,16101583458058500490
11041,test,1597766364682236008
11042,test,13115405191809176119
11043,train,5321426511007469107
11044,train,12813617842242339728
11045,test,16038510156299409268
11046,train,2669896929797913324
11047,train,4374993794335355217
11048,train,10465260745656916285
11049,test,12175740438245559952
11050,train,845541366979131367
11051,train,12016977778498721504
11052,train,1992808216201590597
11053,train,1359056129139863756
11054,test,3270166770336052684
11055,train,4701009309594447744
11056,test,15478362075415269526
11057,train,9352680404615857882
11058,train,3849059275952382491
11059,test,14465372062979234668
11060,train,2012363702481153057
11061,train,1601908021007855903
11062,train,6764793175745894053
11063,train,9700879790793994285
11064,train,514585214935006273
11065,train,496223696969401195
11066,train,6820811113559902096
11067,train,8854230404880876085
11068,train,4903044121074377130
11069,test,18087413878061479421
11070,train,8731863559187066917
11071,train,5633757220862565331
11072,train,16283406307721341883
11073,train,15959073524449773442
11074,train,4463198631408871446
11075,test,8090303390370544728
11076,test,12905510951486218395
11077,train,15930459116231574695
11078,train,3719936876711425869
11079,train,9416102485351045589
11080,test,2059838174740491899
11081,train,2289992358777060421
11082,train,8346695885530367483
11083,train,9173678254828502791
11084,train,3362949881943533211
11085,train,9111296085293776497
11086,train,14737440443789449474
11087,train,9030896932111280846
11088,train,13590626426431613705
11089,train,8176418992062572441
11090,test,18291596294925578605
11091,train,10634700977968572488
11092,train,1069899796100925416
11093,train,7892774769408671633
11094,test,18031607973119340246
11095,test,305223448685721089
11096,train,9995816884638423804
11097,train,13576144849642766029
11098,train,5647409270850753025
11099,train,3497025510931530713
11100,train,16645735370982441415
11101,train,1416466031913970567
11102,train,16586468927832305606
11103,train,5523948892357452688
11104,train,5582298228227131286
11105,test,2721394768768761026
11106,train,2839078565298344806
11107,train,9194097384073276012
11108,test,16356069097060147347
11109,test,6167008358791412735
11110,train,11280994404907346372
11111,test,8341368940310071072
11112,train,6778438880937797496
11113,train,16643053994520098989
11114,test,1367762543852111505
11115,train,16270009953748472140
11116,test,17582280569303195307
11117,train,13945037573876023452
11118,test,7262401485843156977
11119,train,13210612092611904344
11120,train,10691864351265314776
11121,train,1549267346460370452
11122,train,9151667795851463394
11123,train,7422805207847762326
11124,test,10086098232529002838
11125,train,2156978704825472416
11126,train,14948836813160280138
11127,train,4998560102112312218
11128,test,10432490957501708278
11129,test,15689206418855058996
11130,train,338959954347763043
11131,train,2592990137226632695
11132,train,11161514847741133692
11133,train,4682062148603719828
11134,train,12697636708156167020
11135,train,14734160439035093045
11136,test,4233824615071272737
11137,train,16095805607009022824
11138,train,3740198112263117807
11139,train,12681981617536815800
11140,test,15757632557328150801
11141,train,7065171464494431436
11142,train,15462538066032982888
11143,train,5655638821090074444
11144,train,15390515147464457018
11145,test,5690396996294613426
11146,test,17865265195629274690
11147,train,14961284736157974173
11148,train,10879154066013272828
11149,train,18351970059482878562
11150,train,5886278385387842068
11151,train,2095519146187688968
11152,train,10262952365697761372
11153,test,3149156450182458190
11154,train,16845293560412338561
11155,train,12197056983849520996
11156,train,6108061976166599635
11157,train,18056043765856577212
11158,train,4229217560633034800
11159,train,14182487437366219590
11160,train,9038445365242242850
11161,train,12511560203087875407
11162,train,8639390431866108967
11163,train,3669433079427848281
11164,train,4509592594447586498
11165,train,14911926951032475382
11166,train,7320911037241397960
11167,train,2745112556969525240
11168,train,378031258292690129
11169,train,14378257200592405523
11170,train,13497320607090570301
11171,test,5225377063479374621
11172,train,841641072302054321
11173,train,9289448204839263919
11174,train,5663577837594562128
11175,train,7268641106710586716
11176,test,5657123597259750167
11177,train,16431146632993808939
11178,train,17704999098830684607
11179,train,18401492071955160302
11180,train,18156600134427516998
11181,train,12380985256986573507
11182,train,13463165941419350992
11183,test,11974749901781934771
11184,train,17760774378009236882
11185,train,16536558930295885151
11186,train,1127445949657787927
11187,train,7386400486622574407
11188,train,5518572719117099005
11189,train,16187541509351650873
11190,test,3441274924212006140
11191,train,1648412071524376806
11192,test,4981761751225698936
11193,train,1620383676651743168
11194,train,4347517507722656860
11195,train,6784990989100641098
11196,test,5050131823691184065
11197,train,12420784586203517317
11198,train,12479588872482102882
11199,train,15652055612583501546
11200,train,7747201164313666714
11201,test,2640353276433809395
11202,train,9021747134685366791
11203,train,4186710466929644950
11204,train,10484095369134972941
11205,train,18051109621197100710
11206,test,1091219848689622079
11207,train,13654263772759927098
11208,train,5343616293157637878
11209,train,8515812912628181234
11210,train,11877085271607306464
11211,train,12694963263692385720
11212,train,13199868961226844968
11213,train,14300950055148627102
11214,train,15189269284793342104
11215,train,3484178222175888284
11216,train,14164989166561299848
11217,train,15072413198890536722
11218,train,5310094285326399741
11219,train,15570864761397892422
11220,train,670908229423828232
11221,train,9984746501853584612
11222,train,14227287125918085082
11223,train,11333980578173704390
11224,train,15588100660544153467
11225,train,3807472875007930715
11226,train,17156366137767174301
11227,train,17794684472149060405
11228,train,15370681839237239972
11229,train,16502963120773117525
11230,train,6741486406794170598
11231,train,13030027588198113570
11232,test,18265487907707045820
11233,train,16635972298919086180
11234,test,8929332056698688735
11235,train,7326648532385925032
11236,train,18436340960801656429
11237,train,5412428316375721331
11238,test,10776953401331989905
11239,test,6209518336122349905
11240,train,9256042813543893965
11241,train,3164015138442814023
11242,train,4517719312328162116
11243,train,11345174470308346145
11244,train,18100059387280282982
11245,train,9309110102893182809
11246,test,3043706974674538649
11247,train,3104061496981604975
11248,train,7881026708364782783
11249,train,17003484187597926214
11250,train,2837498206539552634
11251,train,3213390450145534916
11252,train,5429121360098716255
11253,train,6878072730179390707
11254,train,16607603376783445105
11255,train,15246027732831814657
11256,train,9430480285476373315
11257,train,5873477017211731837
11258,train,572757940278489315
11259,test,9797489961384289703
11260,train,1041022524043550179
11261,train,14657783544627718993
11262,train,16317236484762110522
11263,train,863530293789010446
11264,train,7268901316102350025
11265,train,7215973423943712513
11266,train,831421459122430837
11267,train,9517510323577448296
11268,train,10672678337196996464
11269,train,16198043861167597745
11270,train,13749404782617158374
11271,test,5397921423589598241
11272,train,10351508792393124660
11273,train,12105349415539128661
11274,test,8713077471584188681
11275,train,16040129365967155609
11276,train,2835384740960950247
11277,train,3390956337472747943
11278,train,7850449987388635176
11279,train,11030693320361677394
11280,test,12605255477687949620
11281,train,2449212886311428860
11282,train,7629423061264712264
11283,train,5264154329634464422
11284,train,17975323579447658837
11285,train,5441727950016949097
11286,train,4801497812912251758
11287,train,1706192995106578774
11288,train,15411418596355852630
11289,train,17353685251313783783
11290,train,9942794844462204955
11291,train,8973646628322612530
11292,train,11130208323776991777
11293,train,16730893139080129282
11294,train,3162839746234010691
11295,test,6821068675030248118
11296,test,6268146367691642402
11297,train,8788989363489982270
11298,train,6298019960943784284
11299,train,8973323582300142692
11300,train,1190438129963334253
11301,train,7907069835407997243
11302,test,12176879833248061533
11303,train,2754771997006543745
11304,train,9457841738226449613
11305,train,791723808234161903
11306,train,12226196539847224348
11307,test,2478428573089593219
11308,test,12698667112216535149
11309,train,13097724075612001385
11310,train,14845996901407236427
11311,train,13852521654944753411
11312,test,4064115271384154286
11313,train,16141878471858573946
11314,test,10645828170578665672
11315,train,17257300954013292468
11316,train,998472145290331461
11317,train,14033245089024030336
11318,train,1894477886823366819
11319,train,15838426904569895155
11320,train,10548043544499209697
11321,train,9211121917196740821
11322,train,5331330586853591917
11323,train,11341624844770754571
11324,train,15142357994723698261
11325,train,4342260031048475649
11326,train,14269065678630273357
11327,train,16595189401625396847
11328,train,15190280851838684552
11329,train,14929180061576006764
11330,train,119071611337872551
11331,train,1782361395906704883
11332,train,17674208866828480555
11333,test,14513192986026878254
11334,test,9827515862768447994
11335,train,10632026549402076199
11336,train,9222516290079039632
11337,train,14580300559519436759
11338,train,5382133930141543898
11339,train,4411825572535578955
11340,train,10213474128646963699
11341,train,7429923373798547095
11342,train,5809781427524815457
11343,train,17961697477391450013
11344,test,7070942754999178623
11345,train,9087937723149536053
11346,train,15511231557855906095
11347,train,1230410306446776291
11348,train,3364392799705968735
11349,train,5032553629174271273
11350,train,679144809095609778
11351,test,18086506014423720966
11352,test,874466434479282305
11353,train,12449766137758210573
11354,train,125178672674518789
11355,test,3598472885242424896
11356,train,6189484068743414676
11357,test,3650689794401505185
11358,train,1002382306785386746
11359,train,1671088211384513617
11360,train,7173182190947852172
11361,train,7200514599894222501
11362,train,3036327321571076101
11363,train,4007546844070245265
11364,test,7343235795898367907
11365,train,14360539865526582935
11366,train,430250014139009932
11367,test,5637216930370666695
11368,test,7689680372978764830
11369,train,13870226092576005860
11370,train,14354207967411281646
11371,train,18213267478089705490
11372,train,4407328851614706558
11373,train,1468098504572444632
11374,test,13108956338291190403
11375,train,16560595545441407742
11376,train,17539003778830182373
11377,train,8300416995849972582
11378,train,16080541377439737546
11379,train,12606308910665587848
11380,train,16138242156395561196
11381,train,15174822056914698049
11382,train,5295735637441192841
11383,train,5459513221512808507
11384,train,10408507928183410956
11385,train,11683094142107305776
11386,train,14106705221699431186
11387,train,15960347006471938434
11388,train,3983995778592122740
11389,test,7635637164543467442
11390,test,8258285360451677668
11391,test,6065869805107046440
11392,train,1886597759411990356
11393,test,13532285774252554422
11394,train,16753923747269697641
11395,train,4460225461398522802
11396,train,11706150614536994740
11397,test,1728958249603642272
11398,train,10542394320966974710
11399,train,2578520907439328306
11400,test,9139195701756746551
11401,train,10713861713293756383
11402,train,3631101116008590353
11403,test,1827351479923290961
11404,train,15951111047552451800
11405,train,14162135676260743321
11406,train,15639731709936961490
11407,train,11215545234044169838
11408,train,13493884566052105256
11409,train,9507027243011599376
11410,train,3128080827512328391
11411,test,51524464183450061
11412,train,1707768426172295731
11413,test,12337886344838304219
11414,test,17960909844860317351
11415,test,12445879977990014577
11416,train,4486253709167869278
11417,train,9076535719618892809
11418,train,16592246109702637635
11419,train,17482011007571296003
11420,train,7870955016240414753
11421,test,17565260291968776841
11422,test,4796018999663405128
11423,train,8352222981217032316
11424,train,986983099129685862
11425,train,780548550894202806
11426,train,13774424146715914823
11427,train,5098270850911944094
11428,train,7151101914062976553
11429,train,16369197443655789133
11430,train,2098168952556028411
11431,train,16762363317249260715
11432,train,4938694795884588164
11433,test,14502543468450403882
11434,train,13346449051335794728
11435,test,1985850318128917144
11436,train,14936208959239016420
11437,train,15712213543733565902
11438,train,15065842628730892433
11439,test,6959286579971173454
11440,train,13869255618350887640
11441,train,860947769917083904
11442,train,18251276601376075306
11443,test,10519707611036430798
11444,train,10746333808187910863
11445,train,8574160548562080847
11446,train,18388726821276238365
11447,test,9441427052233107273
11448,train,8926416539123329680
11449,test,10644713215961252245
11450,train,8081094707403136622
11451,train,10760671397596628350
11452,train,4262483293046714744
11453,train,3231193243194176812
11454,test,12728393419922137531
11455,train,13692640224134115672
11456,test,13274037534735680177
11457,test,1426390031826761059
11458,train,1779326445803055545
11459,test,4000656038582958173
11460,train,7492559704306786897
11461,train,11575074567453983535
11462,train,645390961407456108
11463,train,9901971160365850601
11464,train,4728825731729100570
11465,train,13361803367943949477
11466,train,15918655796449435159
11467,train,9626849031980567131
11468,train,5113082526092296302
11469,train,1022703559481481798
11470,test,2554619147281103668
11471,train,12996671086865957691
11472,train,9363046614466682359
11473,train,15248358693812013021
11474,train,8729010727514254101
11475,test,11618238011453213489
11476,train,16882885366682012847
11477,test,2976958510449761177
11478,train,16636070658266190773
11479,train,2792719629854816145
11480,train,7030622796147848851
11481,train,4441575177914374808
11482,train,12093476863537561479
11483,train,4877722821621012873
11484,train,1045505715550038589
11485,train,2250003178551268519
11486,train,5754845979820286471
11487,train,9400341366973670314
11488,train,3028354668272785158
11489,train,3997031670081837228
11490,train,9525520778742182928
11491,train,500187690641791881
11492,train,11005591505223911940
11493,train,5818368548433783591
11494,train,8676647616139461751
11495,train,13770458520096128629
11496,train,2109478778574984537
11497,test,7072931291249047858
11498,train,6198477086814130184
11499,test,1294326602201860826
11500,train,14099477095325011350
11501,train,3581242077564688082
11502,train,10384258618281543276
11503,train,3064202417626277067
11504,train,8450189735265043919
11505,train,16793596089011406164
11506,train,17793587685674422212
11507,train,10771658086144539936
11508,train,8039518152971349165
11509,train,9414493570091453797
11510,train,4575619108841694460
11511,train,4272607413711665999
11512,train,9303149848096825932
11513,train,341848449954699577
11514,train,5004287823859022720
11515,test,16253479390686040660
11516,train,176778542065799204
11517,train,15806147114879363638
11518,train,7595119130054428998
11519,test,18047919821039581476
11520,train,14916789065414282950
11521,train,10190891791108801512
11522,test,13947588206046265864
11523,train,870246802144020740
11524,train,4106654143246739786
11525,train,12646919777425159137
11526,test,610111055901038773
11527,train,10581838851169141266
11528,train,15500855159266950730
11529,train,14737537052046649370
11530,train,18328326444625011187
11531,train,8391336794459059247
11532,train,12050047126686317654
11533,test,3851760318915921405
11534,train,5967679260117593190
11535,train,15919307688483435119
11536,train,10988936880962273082
11537,train,1802202706733595166
11538,train,4645824477909915938
11539,train,11917165596888970664
11540,train,4924847089781148536
11541,train,1706858352279384469
11542,train,10049388877733777602
11543,train,16861315113313212579
11544,train,312219616064539676
11545,test,3949600609742794779
11546,train,15522246663904121279
11547,test,5486569690478250831
11548,train,17724183776750007956
11549,train,12543435349607484489
11550,train,13818786423946551703
11551,train,1167013643800837273
11552,train,7002541262719202333
11553,train,5393195208319099113
11554,train,7737547648698088571
11555,train,6813552572575699472
11556,train,10170634661665817129
11557,train,3315304022225260374
11558,train,2094321760764754625
11559,train,17632521871661881573
11560,train,15937407267813260631
11561,train,16734792368624405743
11562,train,11998691642604140818
11563,train,1170783671733987966
11564,train,4906817874403713404
11565,train,14345746665576165327
11566,train,5903391566103764623
11567,train,17306443797741927485
11568,train,5768801673562376897
11569,train,4620410127934819811
11570,train,13473011801418226805
11571,train,16490517432049225339
11572,train,6909902620482354143
11573,train,11907859690624335683
11574,train,12581519164334237697
11575,train,9408486013219241646
11576,train,11362320508872515317
11577,test,3298936965373055595
11578,train,12024292147906073863
11579,test,13402658669863334377
11580,train,13731219226209222773
11581,train,10615557539744969752
11582,train,5817069546072933904
11583,test,13730864236909984838
11584,train,6723305351169393126
11585,train,13060224314993729911
11586,test,10768542240822067102
11587,train,6105798428102090133
11588,train,7010460648455009193
11589,train,6393625658008897183
11590,train,7626916444924587807
11591,train,16872363587089354584
11592,train,11829173713071366134
11593,train,16992992772402992980
11594,test,9845616321793951036
11595,test,9350618207657898744
11596,test,12334481930926271082
11597,train,10091332272816051985
11598,test,14473616906447816037
11599,train,4823616580561791106
11600,test,12219500264018737926
11601,train,9849204358839849274
11602,train,1885280519216612563
11603,train,5785716630346672939
11604,train,5428736125622003990
11605,train,14767424800058213857
11606,test,6188541642358316582
11607,test,14374296080784745903
11608,train,17218810255030155546
11609,train,15474024233419918162
11610,train,13109301703053607346
11611,train,18343196059663897404
11612,train,3921825414776576312
11613,train,12201257370063424580
11614,train,13988343968415360583
11615,train,10677192899360890546
11616,train,3045385431738159844
11617,train,10137254554465939874
11618,train,552720315042698726
11619,test,13306345814707842898
11620,train,13035068515809878520
11621,train,8625305896733464035
11622,train,2120801996056224626
11623,train,1432759517167169757
11624,train,8247651718440528506
11625,train,7619825238545103518
11626,train,3245982154845772268
11627,train,14575422719387802596
11628,train,10057315014044874017
11629,test,6793575278059826053
11630,train,2333419884495608695
11631,train,7002955862144271044
11632,test,8629965249436282836
11633,train,4336706806885409254
11634,train,11796397460811369594
11635,train,15713307963478183963
11636,train,5531689230957072713
11637,train,6866525119705846663
11638,train,17604384513006906311
11639,train,16994202786479888187
11640,train,16612701361835376421
11641,train,16700245894959715822
11642,train,9880885773290422106
11643,train,13736885698405835645
11644,train,16520601164190698469
11645,test,1115836382556202404
11646,train,5206453586913888584
11647,train,17551747523410242113
11648,train,17092210026521109626
11649,train,8885208691206640625
11650,train,12143894130471601496
11651,train,2225930785127918333
11652,train,775993033617514913
11653,test,87318523034773965
11654,train,624315440244238983
11655,test,1037539337976471095
11656,train,12348745313865781025
11657,train,17645078342494850790
11658,train,10306636356674043947
11659,train,4388055676923776169
11660,train,5734650635151072419
11661,train,1500933635836527607
11662,train,6922321775312176331
11663,train,3218562872807593749
11664,train,11674384781069201038
11665,train,8338054665980726442
11666,test,15028549079371504013
11667,train,10873350854333565889
11668,train,15440967712607553171
11669,train,9935168382641933583
11670,train,4708076788034948435
11671,train,4513180265068415456
11672,train,3033063749392527019
11673,train,4994933056425022655
11674,test,1331157785236328161
11675,test,17263726735023736385
11676,train,10813781049360969812
11677,test,8235097809535834072
11678,train,7350526685470477205
11679,train,16450439207078439838
11680,test,2203400714898340613
11681,train,2232181061344347666
11682,train,16713148799627810699
11683,train,11351787171766410790
11684,train,14177921392479479672
11685,train,1405812550343475361
11686,train,2211068431982737649
11687,train,8291143860418682269
11688,train,12053738196521131319
11689,train,5472437754537661323
11690,train,14456272485123697829
11691,train,9413348186318372750
11692,train,2667653240506899939
11693,train,2556267252091016401
11694,train,8881806970026810407
11695,train,13550782000864299487
11696,train,10306299246216031939
11697,test,16197171893963924141
11698,train,4846012796138038818
11699,test,5016949271061826263
11700,train,491383443207932524
11701,test,17278405563568005551
11702,train,16441417876602258023
11703,test,12040825475668464549
11704,train,796763916590163333
11705,train,3858563810509930860
11706,train,14422603698101162192
11707,train,710033521966837193
11708,train,14572631899832579434
11709,train,13435701353507010085
11710,test,5819502827026991017
11711,test,15382434428606807071
11712,train,2595725537901760447
11713,train,7505802623501329195
11714,test,3415144643380784657
11715,train,2344614061326596307
11716,train,140005454147029479
11717,train,4742416705734132747
11718,train,13046872476776129485
11719,test,10881618166360817462
11720,train,10679745004711449826
11721,train,13825207397190303749
11722,test,3955294689321053009
11723,train,14237315401186052385
11724,train,16940412009158811724
11725,train,5457689014507935896
11726,train,2826704835010330101
11727,train,10336084468643502894
11728,train,11770408822839572581
11729,train,3590847139897438528
11730,train,14012606420662271937
11731,train,5006312403236380145
11732,train,14189418688365189525
11733,train,18282720686470067623
11734,train,6522284172288312555
11735,train,14109179373262421972
11736,test,16372729893921678630
11737,train,4261681846091841272
11738,train,18445639698259010536
11739,train,15763674774068112116
11740,train,13682475115535454714
11741,train,12883617681187918069
11742,train,7864457903437926066
11743,test,4454576029085256936
11744,train,3986566593208678144
11745,train,14090282787329774858
11746,train,14045448682303207474
11747,train,4517179948163239587
11748,train,9438257545100123935
11749,train,6238671929158244205
11750,train,5261554214331410269
11751,train,10956456947799130316
11752,train,9430853710801477077
11753,train,4670877329821008146
11754,train,12316696189829991118
11755,test,1266436841420788232
11756,train,439890552817677632
11757,train,13513129552136364673
11758,train,14318678133836189739
11759,test,958528981979771981
11760,train,4697051572509708621
11761,train,16870032759893544161
11762,train,16005266976411730967
11763,train,15194392647455292776
11764,train,16354076007939424116
11765,test,13445514834757920431
11766,train,15187511527487336427
11767,test,12997019148720079631
11768,train,6021612168224655062
11769,train,17360698745478296150
11770,train,5193784215763452963
11771,test,13207871686228032192
11772,train,4150978049905147923
11773,test,8197025522734136762
11774,train,8745369143867066543
11775,train,15603555052881640711
11776,train,11571680618374560127
11777,train,525996367250764685
11778,train,8393000844085587865
11779,train,12314593023872291218
11780,train,12695207417323196501
11781,train,6005633618790347068
11782,train,13685395946179742986
11783,train,14841586655737645060
11784,train,11703561765514829688
11785,train,4498292729589897500
11786,test,12452168949808909238
11787,train,9677550650910216057
11788,train,14138338779324691700
11789,train,13350693630919690771
11790,test,15947326907984049116
11791,train,13465516419808229264
11792,train,15852542292648681350
11793,test,14486971620906050418
11794,train,4537450557448668215
11795,test,7040384079539275207
11796,train,4828167676347879897
11797,train,8917272094307907346
11798,train,13017925414701991222
11799,train,10925464837073665880
11800,train,8573235023764486264
11801,train,14840327291224578453
11802,test,2289376311036389678
11803,train,7848197042860243235
11804,test,18191580231690654289
11805,train,5533422510012877911
11806,train,486281644777615351
11807,train,15507578371846854211
11808,train,6778576176935452661
11809,train,2722962324749852970
11810,train,4057087949941483815
11811,train,3728881592795884284
11812,train,7724807933455577503
11813,test,7245872006740695071
11814,train,14217022010048690485
11815,train,16782237123911368629
11816,test,7319461555707023220
11817,test,17659888861147692144
11818,train,11429287845281106338
11819,train,3137094899028499733
11820,train,15372205234505272041
11821,train,6533739419139940503
11822,test,7377477231667670951
11823,train,1199267987693700559
11824,train,8147526536925302525
11825,train,4599549087474144907
11826,test,5960879868277756491
11827,train,5572261542309762031
11828,train,9503458440319232377
11829,train,286608533569904774
11830,train,13794873859513626513
11831,train,3572709217233132059
11832,train,7473070274859103699
11833,train,4569700612333523097
11834,train,5004215014320998417
11835,test,2914436922179917648
11836,train,6291201956307565956
11837,train,12774075878459377718
11838,train,1471156847274318782
11839,train,5219817936919538511
11840,train,14630300396493479630
11841,train,3807117219750609521
11842,train,18312775908605859221
11843,train,5767728341692297579
11844,train,350346822751881851
11845,train,15070162243513646951
11846,train,10727862876714857937
11847,test,5585008169279189355
11848,test,14728102306883340739
11849,train,17593071955462414919
11850,test,8043956238577065581
11851,test,6012876486744894898
11852,train,4877937625426498717
11853,train,3020325155127822523
11854,train,2774612588990246827
11855,train,1602944500570440089
11856,test,355145330962251293
11857,train,16300856265504534956
11858,train,8482043854135606428
11859,train,17348333223347127254
11860,train,9615377842303803658
11861,train,34131251644771075
11862,train,10522062829362639566
11863,train,7889753093364393149
11864,train,12795793334197949165
11865,train,3896465597468612643
11866,train,2764103964770157399
11867,train,72363997886386142
11868,train,10468377431705480861
11869,test,2804261043606065804
11870,train,17543633517557456850
11871,train,13203083329847961688
11872,train,2007274606985605256
11873,test,7234641839012140844
11874,train,1471039343073209342
11875,train,15062500442956570657
11876,train,14201741610338225896
11877,train,10586024122150283639
11878,train,17904732503119463152
11879,test,16700863878820012000
11880,train,10719006795280472378
11881,train,9512899446839289726
11882,train,12344859775390115647
11883,test,14080070907549023351
11884,train,4097710488718481077
11885,train,3269771865716950366
11886,train,551006870206826630
11887,train,5855315713385113416
11888,train,16863373734931118036
11889,train,17266370532119113500
11890,train,8068712123507485618
11891,train,14357960865005288824
11892,test,13225387180861573712
11893,test,12400954642220445564
11894,train,8823372582917633238
11895,train,2893694662695754549
11896,test,6304225956257266649
11897,train,8134872014697823582
11898,train,17970530516919146170
11899,test,16388834301532470838
11900,train,15996128415847137047
11901,train,6788561672852302855
11902,test,7019934728498018866
11903,train,8693350455012121149
11904,train,13386348577457883394
11905,train,2580421717161927075
11906,test,5586708604349338070
11907,train,11125378536764247318
11908,test,2084209194859399502
11909,train,9874593315604856528
11910,train,2303874828682607204
11911,train,162839629039997547
11912,train,9330833604874043833
11913,train,6310328009631480299
11914,train,7885817163030416351
11915,test,1656337307677553931
11916,train,11677462397295138957
11917,train,11760364388916640222
11918,train,17906332876931699826
11919,train,13782831013668046933
11920,train,6143297464989402489
11921,train,14510677547295198833
11922,test,16926085868995446668
11923,train,3052971558596433656
11924,train,17248218401050733949
11925,train,12110551852918009581
11926,test,3043314900060280888
11927,train,17100224252866605905
11928,train,10094062680017628465
11929,train,4117829493280856005
11930,train,1709026998718722239
11931,train,7501815926744679539
11932,train,14329136942340606619
11933,test,591852341335850133
11934,train,4997271048254243059
11935,train,10538936468210345071
11936,test,7109328549388838715
11937,train,13653424816435266857
11938,train,1035864404573800822
11939,train,3842648437378701429
11940,train,10928756016222870403
11941,train,13574822936560380855
11942,train,280353061833016257
11943,train,18210488169409162741
11944,train,13621337475175341632
11945,train,10414736515284572840
11946,train,8479909651621036790
11947,test,8763499072106458542
11948,train,8938700433805784063
11949,train,9358469105889589102
11950,train,11158100610676145621
11951,train,1889287082474702369
11952,train,4403473860094648527
11953,train,9442413070326382151
11954,train,13062931443907734800
11955,test,9473116749238148531
11956,test,16002762085166245886
11957,train,9731250383198091976
11958,train,4446730797723927910
11959,train,8716852215142549874
11960,train,10649266788223673054
11961,train,16063791794322232156
11962,test,776015405485943775
11963,test,16228364755635965910
11964,train,9722488958179719825
11965,train,3452378763351569694
11966,train,5364791327222519082
11967,train,1389167627155004512
11968,train,8747040740933782640
11969,train,8261583421544341085
11970,train,1626422564019749961
11971,train,6464198058816487251
11972,train,15138723931916313744
11973,train,1054012771717587728
11974,test,3700664064516229394
11975,train,9733207941507767510
11976,test,621515467326898081
11977,test,371870123712777270
11978,train,4027328662236209859
11979,train,1932383434401942169
11980,train,8871837188933538635
11981,train,14615739646062070607
11982,test,15605907970673141347
11983,train,8728043192555650469
11984,test,8781343291928464506
11985,train,12281168752975708283
11986,train,15702020701227809440
11987,train,11012652144399738067
11988,train,3568257287789545591
11989,train,15575616140533208265
11990,train,6842418604693512769
11991,test,9714278991791339300
11992,train,8846489484775996400
11993,train,6608370657943358486
11994,train,17627218875532970785
11995,test,14366776503486706313
11996,test,13595633441951462415
11997,train,7393823137340908587
11998,train,7742564487495135285
11999,train,15850395683761541779
12000,train,10277555333366784377
12001,train,13351184825635589857
12002,test,3122402155277732309
12003,train,18082357016822489503
12004,train,3898146786529495804
12005,train,2177358149385302567
12006,train,358415751145662825
12007,train,15822159378931069881
12008,test,586725804002358839
12009,train,18125341982509446311
12010,train,17878706521524291742
12011,train,7270544707689663138
12012,train,16459528484013712180
12013,train,13307816823354244292
12014,train,4698067805439369429
12015,train,8172684803469602972
12016,train,7960440246997931783
12017,train,15874942345878884987
12018,train,690127466976979233
12019,train,9579329928580742177
12020,train,10413925212818809454
12021,test,11461703066007030520
12022,train,13738838548902131054
12023,train,1284116492178013530
12024,train,17923953562211105422
12025,train,3360006032733545044
12026,train,15410238289962275323
12027,train,6366298222106430455
12028,test,415215704544709500
12029,train,16356859108491560584
12030,test,12804964031608975936
12031,train,4910722744397880341
12032,train,14637200006156366105
12033,train,12545399156022942068
12034,test,10626569325730208019
12035,test,3656217627696030148
12036,train,12755980792460335017
12037,train,4576011386231634464
12038,train,10657350832410738560
12039,test,16823598037543592940
12040,train,5740825948046178266
12041,train,10442954822006410174
12042,train,5313533101942974779
12043,train,11839583606064367984
12044,train,12067570166423599689
12045,train,13210956953724836555
12046,train,8048274230008166553
12047,train,5504817344738123717
12048,train,8226147878062334249
12049,train,10914750744847215943
12050,train,16216662797662569716
12051,train,7822029039927607721
12052,train,12674745022377304266
12053,train,14817819696319988561
12054,train,13343216925685969533
12055,train,1151141771510736999
12056,train,7620650777273906715
12057,train,15647147692563974214
12058,train,3493570585323877822
12059,train,5050345637040697668
12060,train,10346670910393976251
12061,train,5069515379892511375
12062,train,12310109507785289125
12063,train,5134291897112127941
12064,train,18437017561959734648
12065,train,36283528459295343
12066,train,11281557329450316006
12067,train,13505546257558632284
12068,train,14301567640898658978
12069,train,15194092640613548410
12070,train,11300827287962653318
12071,train,13216990081010124624
12072,test,3633981740270201451
12073,train,10060050469065822066
12074,train,7229984158517006889
12075,train,9963267151048571146
12076,train,92053678301882114
12077,test,2376854247653426364
12078,train,792673129203191192
12079,train,12198706922109713529
12080,train,12574854758236622609
12081,train,12587224778499782423
12082,train,3297273951490034424
12083,train,16044878372501264632
12084,train,136555647101500410
12085,train,17447771237859895118
12086,test,8490614953505632706
12087,train,10825915464193089604
12088,train,6018818827689528602
12089,train,10074903868745060182
12090,train,11989281386554900194
12091,train,10049132061929046152
12092,train,3076840820632338723
12093,train,15087678126348959500
12094,train,947982997676727114
12095,test,2126493214642130222
12096,train,13338724852859812948
12097,train,5453820836973249932
12098,train,15807171061583998257
12099,train,4981904765852896437
12100,train,15698635225532773135
12101,train,1421049204587121003
12102,train,7554386433231827890
12103,train,16711280819185290615
12104,train,1175454012692421484
12105,train,7363098431259191844
12106,test,8682769954716990518
12107,train,4682438759706640098
12108,train,2822892530566449628
12109,train,14689554383457260154
12110,train,17498201877953010952
12111,train,10920343622163753064
12112,test,2207123307873687356
12113,train,12097907418620539462
12114,train,7629335660129062937
12115,test,8681659865456519830
12116,train,12010060669022815320
12117,test,7511245981220080704
12118,train,3342158708054374042
12119,test,17765413829018954774
12120,train,13800903964995497031
12121,train,10745670185562102919
12122,train,5377500706006820629
12123,train,2694172847180501281
12124,train,7676645280653752424
12125,test,18291147529726358205
12126,train,4637271219121809206
12127,train,13306215379613614038
12128,train,2093175173835689832
12129,test,10898061552121832876
12130,train,8208781383246841273
12131,train,7406745076909154067
12132,train,2617724031438593425
12133,train,14057781697020500053
12134,train,13432072191804719705
12135,train,16495103446092142671
12136,test,10352528815422057964
12137,train,13509617678977312491
12138,train,15819882196942037761
12139,test,74313622973404973
12140,test,11167778966316290319
12141,test,9891822729942772331
12142,train,9573554730613861198
12143,train,11618160456761273358
12144,train,4145581693473773116
12145,test,4757783106195919796
12146,test,9891261423384224581
12147,train,17317804684188381412
12148,train,8533353516193698379
12149,train,14024407082556040511
12150,train,1043076943592319765
12151,train,13825798252561119589
12152,train,12601683069407671777
12153,test,1870526079066705355
12154,train,5807422475320650097
12155,train,13496631299124662117
12156,train,6066496153727103937
12157,train,11932511574045466879
12158,train,18147178659644149576
12159,train,11843432617966410844
12160,train,9614484732879243543
12161,train,13216991812108332783
12162,test,15839596979157569859
12163,train,13016371340497366334
12164,train,7338503369941195478
12165,train,4851311397874042207
12166,train,2790418551476895284
12167,train,13024788517031329039
12168,train,8702505114485971258
12169,train,14482011079687940323
12170,train,15404861809491035239
12171,test,3063301820732663877
12172,train,6198136495854034901
12173,train,8840839445370397781
12174,test,15094567861194072411
12175,train,8412232367552222533
12176,train,8531998916974264361
12177,train,772724601730352373
12178,train,4044722263794678815
12179,test,14635117878191264152
12180,train,9291247801635946956
12181,train,9072389233505457223
12182,train,4108494485165052435
12183,test,10614341939743871467
12184,train,1533271546964101662
12185,test,6016126823711852290
12186,train,10628483898634743399
12187,test,14765724198157182368
12188,train,17927141987373006103
12189,train,2254068869212045274
12190,train,10222920011949512267
12191,train,2698164214583796891
12192,train,5181507107623230487
12193,train,18325880549602796329
12194,train,14184110133560338653
12195,train,10744807504561260239
12196,train,7920620979536642980
12197,train,10294423621299077429
12198,train,9642295720186630999
12199,test,1416758860464327077
12200,train,4856374387605628209
12201,train,15355629864733214997
12202,train,881328693680538339
12203,train,12219521029005136648
12204,train,9741324695267255605
12205,train,7643692701063919622
12206,train,11790743368175879229
12207,train,15529018912904030153
12208,train,12007520558507522963
12209,train,14821527288978149807
12210,train,8377982196637607098
12211,train,8558106455547245058
12212,train,6324996427347189304
12213,train,13853265552058759503
12214,train,7903916520770541435
12215,test,15774976334770462865
12216,train,5305042537909556073
12217,train,6361102815907747304
12218,train,4125141886065096386
12219,train,11134099224759968104
12220,train,15774690814102853788
12221,test,10582532886295727752
12222,train,6756862143543033222
12223,train,3765516062605893209
12224,train,5042953582963681890
12225,train,6089984431885391768
12226,test,15431722778095155636
12227,train,4747122601391872154
12228,train,10701545788569924322
12229,train,1057852120056964359
12230,train,17868513951251871323
12231,train,748599746954595341
12232,train,3427055620190413953
12233,test,7155074079764716808
12234,train,6237694611461870997
12235,train,14331585460797307586
12236,train,10418479302872841186
12237,test,3336662760735914684
12238,train,6148996026463902672
12239,train,17154935421912969193
12240,test,18277230833343004719
12241,train,9027841072684348629
12242,train,4927168052854106149
12243,train,1058132450592925705
12244,train,12287902430223313771
12245,train,16002337992515884720
12246,test,5838330809250132067
12247,train,11270617691235077317
12248,test,11237111974598772237
12249,train,5740529868437980323
12250,train,16558147397728323043
12251,train,11108972109805187970
12252,train,11662124991686134654
12253,train,12262475075392669848
12254,test,9347138516267967400
12255,train,6351622636880408481
12256,train,4389278175489433104
12257,train,1949522947011922499
12258,train,4497288082777115183
12259,test,14217536550197351333
12260,train,1485509783474577517
12261,test,3955210543373569014
12262,train,3237652239468311564
12263,train,13409396471995104366
12264,train,8781182096752290362
12265,train,8519459025908747030
12266,train,5759783643851708432
12267,train,12005290371758583783
12268,train,2457873282524068747
12269,train,6759269378716575464
12270,train,7337838138743961112
12271,train,2281645857959216964
12272,train,4772172988639589305
12273,train,12747075987303650433
12274,test,4527304432488526320
12275,train,3147790731279418059
12276,train,15066810553088056128
12277,test,13641647474731135237
12278,test,5324051339130307236
12279,train,16165167007795203080
12280,train,12526992646072951288
12281,train,4269912532423858842
12282,train,12230326692434230074
12283,train,16684554329725632243
12284,train,10872714759048853497
12285,train,6800877882600929923
12286,test,935431116742789927
12287,test,464690055590915795
12288,train,15740169315049918461
12289,train,6234476786753684702
12290,train,9024761952315694194
12291,train,12782858246268059733
12292,train,4469701013605046657
12293,train,18141087067528489001
12294,train,13147539342702647996
12295,train,8009625790759675456
12296,train,12266302586878504981
12297,train,13071489094213514854
12298,train,11982161474074937989
12299,train,5906436859684607176
12300,test,10177903086438259017
12301,train,4277936766859571577
12302,train,2453699872763014725
12303,test,16820478058579400135
12304,train,10461835457548061451
12305,train,12811641707160361886
12306,test,10257001330522821188
12307,test,8890586390863160362
12308,test,2716838737826888306
12309,train,7969842521040899454
12310,train,4307594289635723048
12311,train,5177824826042637731
12312,train,1212910427492511480
12313,train,4083241696076641562
12314,train,11651840400886429994
12315,train,9877579812857661348
12316,train,9978577381311408504
12317,train,12059283359888349841
12318,test,7718160267014316009
12319,train,7384554403850167615
12320,train,6104782157174464203
12321,train,12565774003545047634
12322,train,10272713409780954727
12323,train,4506745339460448280
12324,train,11729997015424999600
12325,train,2946412229434084114
12326,train,16905522085542204798
12327,train,16163068872653228395
12328,test,1372780291836064184
12329,test,7641366341347409765
12330,train,16127385627774665443
12331,train,11189836724786065381
12332,train,14286021675344593929
12333,train,5175897181044792197
12334,test,2732938100017668263
12335,train,2003618228469957924
12336,train,6991849036693936757
12337,train,10037254913443627757
12338,train,1468353878855275857
12339,test,2611179455744338755
12340,train,13441850659929650443
12341,train,5774388281386459366
12342,test,9165426722703463858
12343,train,4855204505067150768
12344,train,17936050875528632043
12345,train,1456139482848021739
12346,test,8605632557551215465
12347,train,7016337812877999245
12348,train,13266618712808337744
12349,train,195799875863020102
12350,train,2794877129422039300
12351,train,565006015113281020
12352,test,4747106576866446384
12353,train,11658246290065516850
12354,train,5400657933611245665
12355,test,11998775880389875341
12356,train,6002036735122505642
12357,train,4182317897576505142
12358,train,8308397371216022658
12359,train,12904308168652622171
12360,train,17323980631413799779
12361,train,1277444627634617126
12362,train,9119169344653016617
12363,train,13802329402485361718
12364,train,16098536668064491455
12365,train,10519806448354035746
12366,train,14522591564512528970
12367,train,3410073015314789338
12368,train,6666051577055240380
12369,train,3986053508833637704
12370,train,16290719428756047782
12371,train,2311838675123854960
12372,train,13555302136115193594
12373,train,8139337095015429178
12374,train,7812088153081948422
12375,test,15115598692232280004
12376,train,3166581770472297075
12377,train,3576099109909522727
12378,test,2638790009786284524
12379,train,4484204014244962724
12380,train,13885372950908397164
12381,train,10700247928874592261
12382,test,14506172137161638577
12383,test,7194166138705611880
12384,train,12347989590098444127
12385,train,16819479139221597880
12386,train,17717741052438917185
12387,test,14963885319168188940
12388,test,7584157134225195960
12389,train,2054727425137929404
12390,train,12324303599679414106
12391,train,11680438065754031538
12392,train,11040974371724083238
12393,train,10252622057363114933
12394,train,14752617194289927072
12395,train,12407156331347432506
12396,test,15011414263895251692
12397,test,13348205851422466836
12398,train,1941376789452299584
12399,train,16100887164177926366
12400,train,17673600864766647153
12401,train,10536768672059032604
12402,test,12754179910129824591
12403,train,299629558574373748
12404,train,248760521824426044
12405,train,17287831887952786718
12406,train,2719987172438089798
12407,train,4366862759509217887
12408,train,15118843734505373651
12409,train,15898543644664610713
12410,train,10667760993216384422
12411,train,11070632833226531994
12412,test,8114473964284066228
12413,train,5570184728109803444
12414,train,3333047538765136717
12415,train,1627194538613427182
12416,train,17537600621735789827
12417,train,12919423331776628977
12418,test,9944178964338532823
12419,test,5454192912490863695
12420,train,18335368199783237539
12421,train,15295297173222380509
12422,train,15229376278451709138
12423,train,14197758452043145095
12424,train,2893999719621039348
12425,test,1559976949928349407
12426,train,7651033876280182967
12427,train,14513594449632417237
12428,train,5331256881554496109
12429,train,16135360305740671708
12430,train,10378865520824962608
12431,train,13613864098413849914
12432,train,10868135627804221389
12433,train,2971392971261719753
12434,train,14127182532935632783
12435,train,8846434558019697383
12436,train,4470048601810475321
12437,test,9936568664374732322
12438,train,6095992444947527967
12439,train,8801889891585368573
12440,train,7023598841789034059
12441,train,823440606284696099
12442,train,2292146784282147647
12443,train,921709223986660993
12444,train,12038695215549614862
12445,train,2592575372550269595
12446,train,17653111802667566664
12447,train,885138404909746755
12448,train,11372915511482442651
12449,train,18370190572671434073
12450,train,4369243036709097817
12451,train,3471052497070555544
12452,test,14108905000402243540
12453,test,426548105184196958
12454,train,1216644218496049849
12455,test,12941348754729480613
12456,train,5580170035408100547
12457,train,5785602177673905963
12458,train,1548472859265861351
12459,train,1070505607741323881
12460,train,14100589912085264195
12461,train,11440928010611443699
12462,test,16383002949867092551
12463,test,5699634147395028629
12464,train,13210893034952298894
12465,test,12443154813616524618
12466,train,9093353397656483053
12467,train,15985570466737264801
12468,test,3589127615614689117
12469,train,7451488161335361748
12470,train,101773892908024188
12471,test,6878503505310512673
12472,test,957001549323100414
12473,train,7014651824038701521
12474,train,14940030570189113656
12475,test,15940772201110155901
12476,train,6296317407587817069
12477,train,2430685922367937853
12478,test,16820231299211113203
12479,train,4848887465527570455
12480,test,9854537178181886734
12481,train,3313543836427535984
12482,test,1731958421044027850
12483,train,1408192704140398834
12484,train,2117123063461595310
12485,train,7503179634486512820
12486,test,9871439037357372711
12487,train,7666173884637327044
12488,train,5496536863219131354
12489,train,1710744953996281194
12490,train,5662906068541535716
12491,train,9076536815554891844
12492,train,15863887387882241461
12493,train,545523524601994489
12494,train,13299448719357658831
12495,train,9165925868723529551
12496,test,9111510515204012926
12497,train,12776127508565145815
12498,test,15991499031850447140
12499,train,7721933342536308256
12500,train,5497266134388930930
12501,train,12750067271694222906
12502,train,17995038426177099415
12503,train,14019901331939950057
12504,train,17451339136844367935
12505,train,13467045923030324859
12506,test,3769311477605358007
12507,test,26074410883324125
12508,train,8148405682647416242
12509,train,8354194642432327857
12510,train,11103924478967718031
12511,train,8974535991128663795
12512,test,13205638009678834205
12513,train,10634229480721578033
12514,train,8060771749977969116
12515,test,1934582376265182092
12516,train,2983936612099868810
12517,train,4911125620231780538
12518,train,236974971707090419
12519,test,8243771632165863218
12520,train,12646694040696242193
12521,test,9535789631559776093
12522,train,14032928711807426395
12523,test,1701289540035235763
12524,test,2187977550267744313
12525,train,7959380784055819627
12526,train,16955459393419223717
12527,train,14346621184289431797
12528,train,6328667191625515353
12529,test,3730956215751062887
12530,train,9566550612784669160
12531,train,8413453429501110388
12532,train,14415587218236563375
12533,train,8536331194848260083
12534,test,8788303090024366007
12535,train,7768725912844083238
12536,test,13964348063057571854
12537,test,9340004025879478619
12538,train,16111315152531421912
12539,train,6481873438986362123
12540,train,15625364833597703562
12541,train,14215724289387759639
12542,train,15831781442067686335
12543,train,17215883991549783423
12544,train,18112170165340800181
12545,train,4175948002802609361
12546,train,2410025408026949628
12547,train,3123546017544813394
12548,train,3683140175126244440
12549,train,5838341599868702776
12550,train,8171688659667120220
12551,test,5255570919589900606
12552,train,7960744861563425521
12553,train,16123846090641656598
12554,train,2376235254394629320
12555,test,4386484046165190224
12556,test,11597327439221713258
12557,train,9788184039088378262
12558,train,12111574016108081663
12559,test,1337432642104429063
12560,train,7876094675145824389
12561,train,10905008275652477689
12562,train,395281449756005952
12563,test,13145625736371675597
12564,train,14834967512311012534
12565,train,8033177675593361398
12566,train,10389434561287908504
12567,train,1437270467758198268
12568,test,13768293287798218157
12569,train,5237621257124549423
12570,train,17457194094005659905
12571,train,14503826026250767185
12572,train,17547880886615810509
12573,test,8209754908687306499
12574,train,12077510502409058004
12575,train,18151389048947987096
12576,train,11278181309406539643
12577,train,4595173919987308383
12578,train,15262039548735039483
12579,train,6543628743014098074
12580,test,15008404504901580826
12581,train,325070591236968759
12582,train,4028772187302759684
12583,train,250909643167713063
12584,train,9455372122277610406
12585,train,14154881021415531099
12586,train,11912041891835724851
12587,train,142675775552023243
12588,train,10476750649021543121
12589,train,38021937087682477
12590,train,10401681495315508183
12591,test,9020893274879806001
12592,train,17163772877993331055
12593,train,15102244700903267131
12594,train,5070123239871367479
12595,train,9537089935989532549
12596,train,6292204618290543638
12597,test,7237215242519672458
12598,train,2688463587828336301
12599,train,5620799805173605565
12600,train,11035466268728406689
12601,train,17805741741786155332
12602,train,4010220385456722028
12603,train,10218207355645895069
12604,train,9097959531600042810
12605,train,4750611777616425741
12606,test,7037243639363051504
12607,train,2659670359580212801
12608,train,15404195561913423005
12609,train,10312661258958244413
12610,train,6388156961444658875
12611,test,15888616264127104147
12612,test,4681200968829009722
12613,train,9482154295274514352
12614,train,10359126559390629730
12615,train,8574457181206415598
12616,train,6971485251546373722
12617,train,6767248000911500820
12618,train,5359345833615137127
12619,train,9976167516273059672
12620,test,5483038492797556274
12621,train,17082149835351648582
12622,train,18135000998374627324
12623,train,12198649641687481560
12624,train,12198340667942565973
12625,train,1872052950933181069
12626,train,16770832411861839687
12627,train,14830155310938450543
12628,train,15316891594725057630
12629,train,2662304695491863023
12630,train,18150384296724720568
12631,train,18119690939819427484
12632,test,16779956935151390510
12633,test,5013726564477712046
12634,train,6578585262538059533
12635,train,5854164346851472342
12636,train,5089411348222846935
12637,train,7033446256255214532
12638,train,10984116495084850239
12639,train,6426564518434818903
12640,train,914871521614306141
12641,test,11120317684055499066
12642,train,10198453844379388031
12643,train,10109095827707375013
12644,test,7181466281512713783
12645,train,16991372870007999051
12646,train,15727001721591703583
12647,train,1790343633816009313
12648,train,501825606247675294
12649,train,414104604747943559
12650,test,2315610962854970820
12651,train,14303236519135408447
12652,train,16465472571421007443
12653,train,2379553274702011541
12654,train,5182213474744459901
12655,test,3713667465558873528
12656,test,6485112273418729140
12657,train,6578002863425437450
12658,test,5854654660092787165
12659,test,11528104183724601605
12660,test,2251974452195333355
12661,train,16562811067531010071
12662,test,17056031731578706966
12663,train,10283926254730960900
12664,test,7276905586522150814
12665,train,8675785560766062274
12666,train,4969401819604331702
12667,train,11480881499810454672
12668,train,2283217567399820315
12669,train,14838114538287069772
12670,train,11998385569592060046
12671,train,3995481382623246218
12672,train,17839316688194877848
12673,train,15494709327801804748
12674,train,5798870544145453881
12675,train,7092542565094906529
12676,train,17645172319083490115
12677,train,6537185649162894771
12678,train,1191473077285528506
12679,test,1023198107010702491
12680,train,1721183041486045612
12681,test,7186688706835051048
12682,test,7563962007397602402
12683,test,2135341733246521418
